company_id,company_name,description,job_hash
22630,GEICO GENERAL INSURANCE COMPANY,"Job Description

Ready to make an impact? If so, read on!

If so, do you meet these qualifications?

Job Description:

The Telecom/VoIP team is seeking an experienced and highly motivated Database Developer to own database development and automation scripting for the VoIP processes and databases. The candidate must be able to write highly efficient stored procedures/SQL; performance tune application developers SQL queries, develop ETL jobs, perform data profiling, and data quality analysis.

The candidate must also be able to write PowerShell scripts that interact with Windows Servers both remote and locally; Write scripts that can automate installs of application code for the speech application installs; Write scripts that can export data/logs that can be imported into Splunk. Must be able to work with Splunk to create dashboards and understand logging from different VoIP system components.

Would you like to join this innovative team?

Candidate Qualifications:

* Minimum 3 years' experience with SQL Server and SQL Queries

* PowerShell scripting experience

* Linux/UNIX scripting experience

* Splunk Queries and Dashboarding

* Bachelor's Degree in Information System, Computer Science (or similar) is required

Desired Skills:

* Experience Windows Administration

* Cisco Call Manager Experience

* Database Architecture

* Application database development

* Experience with ETL or BI tools

* Experience with SSIS and SSRS

About Geico

For more than 75 years, GEICO has stood out from the rest of the insurance industry! We are one of the nation's largest and fastest-growing auto insurers thanks to our low rates, outstanding service and clever marketing. We're an industry leader employing thousands of dedicated and hard-working associates. As a wholly owned subsidiary of Berkshire Hathaway, we offer associates training and career advancement in a financially stable and rewarding workplace.

Our associates' quality of life is important to us. Full-time GEICO associates are offered a comprehensive Total Rewards Program*, including:

* 401(k) and profit-sharing plans

* Medical, dental, vision and life insurance

* Paid vacation, holidays and leave programs

* Tuition reimbursement

* Associate assistance program

* Flexible spending accounts

* Business casual dress

* Fitness and dining facilities (at most locations)

* Associate clubs and sports teams

* Volunteer opportunities

* GEICO Federal Credit Union

* Benefit offerings for positions other than full-time may vary.

GEICO is an equal opportunity employer. GEICO conducts drug screens and background checks on applicants who accept employment offers.

How to Apply

Click ""Apply for Job"" to complete your application. You will need an active email address and phone number. Please upload your resume, preferably as Word .doc files or PDF. Once you begin your application you can save it and access it later. Your application should include any work and/or internship experience from at least the past five years.",b001b468971737d4cac02cab1b4688f3
1716,Fiserv Inc,"Job Purpose

Production Generalist Associate- Hot Press Operator

2nd Shift: 3:30 pm-12:00 am

Business Description:

Output Solutions at Fiserv delivers business-critical communications to financial institutions, health and property/casualty insurance providers, billers, retailers, travel and entertainment companies and advertising agencies nationwide. With solutions including transactional document production and delivery, card manufacturing and personalization and direct marketing services, we help our clients streamline operations to contain costs, while building customer loyalty and generating incremental revenue.

Output Solutions provides turnkey business communications solutions for the financial services, healthcare, billing, retail, agency, travel and entertainment industries. This group specializes in the production of debit, credit, gift and pre-paid cards; membership and health identification cards; statements; invoices; explanation of benefits and tax forms. The business also provides document management, branded merchandise and direct marketing services, and offers Electronic Document Delivery solutions that allow clients to securely archive and deliver high-volume e-documents, including statements, bills and reports, to their customers.

ESSENTIAL RESPONSIBILITIES:

1. Perform basic and detailed machining and assembly tasks to operate at least one machine and/or perform many manual / assembly duties.

2. Perform repetitious and previously performed work without supervisory and technical assistance. Assistance may be needed for other work.

3. Multi-tasking that requires focused concentration is expected to be learned – must be willing to cross train.

4. Utilizes basic skills and experience background to perform machining and manual tasks.

5. Process transactions necessary for work situations that requires very good working PC user know-how.

6. Improvising sometimes is necessary to solve work problems to maintain work schedules.

7. As necessary, supervisor may assign to assist and help others with work.

8. Work from verbal or written instructions, work specifications, routing sheets, etc.; uses basic math ---- all in English.

9. Perform minor maintenance and work with others to provide assistance with major maintenance projects when assigned.

10. May utilize and/or operate material moving equipment, carts, etc. and use some production tools including hand tools and precision devices.

11. When assigned perform duties and tasks outside department and job to the best of individual skill and ability.

12. Work overtime, weekends, and holidays as work schedules require. In peak periods additional overtime is required.

13. Comply with general work rules -- responsible for quality of own work, housekeeping of own work area, and to work safely.

Physical Requirements:

Work requires incumbent to be mobile and in a standing / walking position with ability to lift up to 50 lbs regularly. Uses hands to handle, finger, or feel objects and to perform keyboarding. Also uses hands and arms to reach and grab objects. Sometimes it is necessary to crouch or kneel. Successful performance requires good vision abilities including close vision.

POSITION QUALIFICATIONS:

Education and Experience:

Generally high school vocational orientated background or related education is preferred, and typically, 3 months to 3 years of fast pace, high volume production experience or similar background or equivalent combination of education and experience is needed to successfully perform job requirements. Time classified in the specific job classifications does not automatically qualify an individual. In addition to the time guidelines, an individual must meet all other job requirements and a company approved job opening must exist.",b003f9a0f67dea31a2cc755ef8ddfd3f
33639,Compass Group Plc,"Summary

ICM is part of Compass Group Plc, the world's leading foodservice company. ICM focus on supplying cleaning services across the country via specialist divisions focused explicitly on customer needs within the retail, leisure, hospitality and corporate office sectors.

This vacancy is exempt from the Rehabilitation of Offenders Act 1974 which means that all convictions, cautions, reprimands and warnings on your criminal record need to be disclosed. An enhanced disclosure from the Disclosure and Barring Service will be applied for in the event of a successful application.

Only relevant convictions and other information will be taken into account, so disclosure will not necessarily be a bar to attaining this position.

Main Responsibilities

We are looking for an enthusiastic and experienced cleaner to join our team. You will be responsible for the daily cleaning of all areas within the contract. Achieving high standards, you will ensure the service is operated safely and hygienically.

* Ensure your assigned areas are kept clean, presentable and safe for customers by following the required policies and procedures.

* To clean public and staff areas.

* Restock consumables as and when required.

* Ensure rubbish bins are maintained and removed when full.

* Main duties will include Dusting, Mopping, wiping and scrubbing surfaces.

* Experience of working in a customer facing environment.

* Able to work individually and as part of a team.

* Previous cleaning experience and knowledge is desirable.

Ideal Candidate

We are looking for an individual who is:

* Passionate

* Well organised

* Hardworking

* A 'Can Do' attitude

* Excellent people skills and be a team player

Package Description

Permanent Cleaners Urgently Needed in Frome, Somerset, £8.25ph … Apply Now!!

Monday to Friday: Before 8AM OR After 5PM

Hours : 5 hours per week

Rate of Pay: £8.25ph

* *Key Holder position / DBS Essential

Plus Company Benefits; including Holiday Pay, Childcare Vouchers, Pension Scheme, Perks at Work ; Discounts for Cinema, Retail, Theme Parks & Attractions and many more…",b0049377638af085dc3ea8b8af448c97
2148,Allied Universal,"**Overview:**

Allied Universal provides unparalleled service, systems and solutions to the people and business of our communities, and is North America's leading security services provider. Allied Universal, North America's leading security services provider, is experiencing tremendous growth. For all full-time positions, we offer medical, dental, vision, flex spending, 401K, an anniversary bonus, and an on-the-spot recognition program.  We promote from within our company! You can start with little, to no, security experience and become one of Allied Universal's many success stories.

Apply to join the LARGEST SECURITY COMPANY in the United States!

* *Job Description:**

Allied Universal Services is currently searching for a **Professional Security Officer** .

The Professional Security Officer is the heart of Allied Universal Services. Our officers allow us to accomplish our company's core purpose which is ""to serve, secure and care for the people and businesses in our communities"". The Professional Security Officer is responsible for the safety and security of the facilities they protect. Our security officers act as a visible deterrent to crime and client rule infractions; they detect and report suspicious, unsafe or criminal acts at or near their assigned posts which may be a threat to the property, clients, guests or employees at the site. Although essential activities may differ based on the facility at which they work, below are some of the standards:

+ Ensure the facility is provided with high quality security services to protect people and property

+ Report safety concerns, security breaches and unusual circumstances both verbally and in writing

+ Build, improve and maintain effective relationships with both client employees and guests

+ Answer questions and assist guests and employees

+ Answer phones or greet guests / employees in a professional, welcoming manner

* *Physical and Mental Functions:**

+ Stand or walk constantly (for up to an entire shift) on various surfaces (tile, concrete, carpet)

+ Climb stairs, ramps, or ladders occasionally during shift

+ Occasionally bend/twist at waist/knees/neck to perform various duties

+ Occasionally lift or carry up to 40 pounds

+ Run as needed

+ Constant use of both hands and arms in reaching/handling/grasping/fingering while using phone, notepad, writing reports, and other administrative tasks

+ Constant use of eyes (correctable vision to normal level required) to observe, read, interact with public and co-workers, view security monitors; includes hand/eye coordination

+ Work in various environments including adverse outdoor conditions such as cold, rain or heat;

+ Constant mental alertness and attention to detail required while setting priorities and following up on assignments

* *Qualifications/Requirements:**

Qualified applicants for the **Professional Security Officer** position will meet the minimum requirements, as described below:

+ High school diploma or equivalent required

+ At least 18 years of age

+ Must possess effective written and oral communication and interpersonal skills with ability to deal with all levels of personnel and the general public in a professional and effective manner; must be able to use initiative and independent judgment within established guidelines

+ Must be able to frequently prepare written reports and logs in neat, legible handwriting; may require computer skills

+ Must be able to read and understand all operating procedures and instructions

+ Must be able to obtain a valid Guard License as required in the state for which you are applying

+ As a condition of employment, employee must successfully complete a background investigation and a post-offer/pre-employment drug/alcohol test

+ As a condition of continued employment, employee must maintain current active status of all required License at all times, and must carry the license at all times while on duty

+ Must display exceptional customer service and communication skills

+ Remain flexible to ever changing environments; adapt well to different situations

+ Intermediate computer skills to utilize innovative, wireless technology at client specific sites

+ Ability to maintain satisfactory attendance and punctuality standard;

+ Neat and professional appearance

+ Ability to provide quality customer service

+ Ability to handle both common and crisis situations at the client site, calmly and efficiently

+ Read, understand and clearly speak English; constantly use speech and hearing (correctable to normal level required) in communicating with public/co-workers, giving and receiving instructions, using phones

+ Must be able to handle pressure of working with high volume general public (constantly to occasionally depending on assignment)

* *Closing:**

Allied Universal provides unparalleled service, systems and solutions to the people and business of our communities, and is North America's leading security services provider. With over 140,000 employees, Allied Universal delivers high-quality, tailored solutions, which allows clients to focus on their core business. For more information: 866.825.5433 or www.AUS.com .

We proudly support the Veteran Jobs Mission, a group of over 200 companies that have committed to collectively hiring a total of one million military veterans.

* *EOE/Minorities/Females/Vet/Disability**

Allied Universal Services is an Equal Opportunity Employer committed to hiring a diverse workforce.

* *Requisition ID:**

2016-92776

* *Job Locations** _US_ _-_ _NY_ _-_ _Brooklyn_

* *Total Hours** _.._

* *Category** _Security Officer_

* *Workdays** _Monday - Friday, Saturday - Sunday_

* *Shifts** _Afternoon, Morning, Overnight_

* *Posted Date** _10/12/2016 2:04:00 PM_",b00574839f24906eebb1aafe2088f196
8812,HD Supply Holdings Inc,"Requisition #19875Select LocationLas Vegas,NVFunctional AreaManagementLine of BusinessWaterworksJob TypeFull-TimeMinimum Travel PercentageNoneRelocation ProvidedYes

Company Overview

HD Supply (www.hdsupply.com) is one of the largest industrial distributors in North America. The company provides a broad range of products and value-add services to approximately 500,000 customers with leadership positions in maintenance, repair and operations, water infrastructure and residential and non-residential construction sectors. Through approximately 500 locations across 48 states and six Canadian provinces, the company's approximately 13,000 associates provide localized, customer-driven services including jobsite delivery, will call or direct-ship options, diversified logistics and innovative solutions that contribute to its customers' success. With an active commitment to the communities in which we operate, HD Supply associates are part of a thriving organization that supports the virtues of wellness, diversity and inclusion – all of which are top priorities for the company. Equally as important is empowering our associates to grow professionally while providing competitive benefits and compensation. If you're ready to find a rewarding career and achieve your full potential with a growing industry leader, HD Supply is ready for you!

Job Summary

Direct sales and operations activities. Execute sales strategy; develop relationships; and ensure satisfaction via operational excellence. Responsible for talent acquisition, development, retention and adherence to company policy/procedure. This position requires operation of a Company Vehicle or a Personal Vehicle and such operation is done consistently more than 20% of the average work week. If selected for this position, HD Supply will run a Motor Vehicle Record (MVR) report. A requirement of this position is an acceptable MVR report.

Major Tasks, Responsibilities, and Key Accountabilities

* Ensures efficient operations through adherence to policies and procedures and process excellence. Maintains compliance with applicable government regulations.

* Safeguards company assets and associates.

* Ensures appropriate staffing levels to meet service, financial, and operational support demands. Effectively utilizes training programs to develop sales and operations expertise.

* Initiates and builds customer relationships with existing and new customers.

* Acts as liaison to functional leadership to ensure customer satisfaction and problem resolution.

* Monitors local market trends. Develops and executes strategies to grow local market share and aggressively pursues business opportunities.

* Works closely with vendors to maximize sales and increase profitability.

* Accountable for profit and loss and inventory/accounts receivable for assigned location(s). Achieves earnings before interest and tax (EBIT), return on investment capital (ROIC), and return on sales (ROS) goals.

Nature and Scope

* Solutions require analysis and investigation.

* Achieves planned results by decisions and actions based on professional methods, business principles, and practical experience. May recommend/make decisions regarding new programs/initiatives that have significant impact to the business and carry consequences in unsuccessful endeavors.

* Manages a larger team or multiple small teams through direction of subordinate management and/or supervisory staff.

Work Environment

* Located in a comfortable indoor area. Any unpleasant conditions would be infrequent and not objectionable.

* Most of the time is spent sitting in a comfortable position and there is frequent opportunity to move about. On rare occasions there may be a need to move or lift light articles.

* Typically requires overnight travel less than 10% of the time.

Minimum Qualifications

* Must be eighteen years of age

* Must pass the Drug Test

* Must pass the Background Check

* Must pass pre-employment tests if applicable

Education and Experience

* Typically requires BS/BA in a related discipline. Generally 7+ years of experience in a related field. May require certification. Advanced degree may offset less experience in some disciplines.

Preferred Qualifications

* Bachelor's degree.

* Wholesale distribution experience.

* Exposure to Six Sigma or other process improvement methodologies.

* Bilingual (English/Spanish).

* Ability to use computer systems and apply computer systems knowledge to manage day-to-day operations.",b006d9cef7e03fa5367cf1028e755d18
9028,Regions Financial Corp,"At Regions, the Strategic Execution & Business Transformation Partner I leads and manages the dynamics of cross functional process improvement projects. Must be able to lead and motivate cross-functional teams to project completion with assistance from Master Black Belts on Six Sigma training, and project implementation.

Requirements

* Bachelors in a related field

* Five years process improvement experience

This position is exempt from timekeeping requirements under the Fair Labor Standards act and is not eligible for overtime pay.

Preferences

* Six Sigma-Green Belt certification

Responsibilities:

* Effectively manage assignments that may be broad in nature.

* Lead organizational efforts translating strategy into results by converting business needs into executable tactics.

* Maintain accountability and responsibility for quality and accuracy of all deliverables associated with the projects assigned.

* Anticipate impact of projects/changes on end users and develops and executes appropriate change management strategies.

* Proactively identify and shape opportunities to provide or create improved cost experience and/or additional business value.

* Assess and manages risk through the DMAIC lifecycle while working with key stakeholders to deliver risk mitigation plans as needed.

* Develop understanding of current state processes by researching existing workflows, immersing the process, and conducting associate interviews.

* Document and organize findings for use by project team and stakeholders.

* Mentor other associates in developing/honing business knowledge, analytical skills, and change leadership.

Additional Requirements:

* Experience with process improvement, performance management, or change management.

* Advanced in Excel, Visio, PowerPoint, and Word.

* Must have excellent written and oral communication skills.

* Must be able to work independently and as a team with little to no supervision.

* Experience and thorough understanding of DMAIC process, AGILE, Project Management and a keen awareness of the impact of variation.

* Must be able to meet deadlines with a sense of urgency.

* Must have strong analytical, interpersonal and presentation skills.

* Must be able to present information at all levels of leadership to include Executive.

* Must be able to handle multiple assignments and projects simultaneously.

* Experience managing projects and teams.

Additional Preference:

Bachelors degree in Business, Finance, Supply Chain, Management Information Systems, and Industrial Engineering

* ** This role will transition into an Enterprise Operations role following a 24 month experience with the Strategic Execution and Business Transformation Team ***

* ** Education will be considered in lieu of experience ***

EEO / AA / Minorities / Females / Disabled / Veterans",b00708428d172585201e02b51078831b
8649,Chipotle Mexican Grill Inc,"Restaurant Team Member - Crew (2 - Colorado) (16022007)

Description

Building the perfect burrito - and having fun doing it - is the first step to building your career at Chipotle. Sharpen your customer-service and teamwork skills, learn to make great food and get ready to grow. Whether you have experience as a cashier, server, cook, prep cook, dishwasher, housekeeper, bartender or no experience at all, this could be the opportunity to develop into a restaurant manager position. We can offer part time or full time schedules depending on what you are looking for and the needs of the restaurant. We promote most of our managers from within and are looking for that next generation of leaders to apply now.

Our Crew members take pride in preparing and serving Chipotle's delicious food. They know that in order to do this right, they need a clean and organized work area. By consistently following the proper recipes and procedures, and adhering to Chipotle's high standards regarding food preparation, cleaning and sanitation, teamwork and customer service, they help to ensure that the Chipotle customer experience is always the best it can be. Crew members get to learn about and work at a variety of stations: Tortilla, Salsa, Prep, Grill, Expo, and Take-Out. In each area they're greeting and interacting with Chipotle's customers directly, making their meals, while portioning out the ingredients to our standards. Crew members' responsibilities require them to be on their feet working while clocked in, unless on break. If they are not busy, they are expected to take on tasks they see that need to get done, and pitch in to help their teammates.

In addition to following Chipotle's policies and procedures, principal responsibilities include, but are not limited to:

Food Prep

* Following recipes accurately and maintaining food preparation processes such as cooking, marinating, seasoning, and grilling meats; chopping herbs; dicing, cutting, and slicing vegetables

* Completing hot and cold food preparation assignment accurately, neatly, and in a timely fashion

* Preparing food throughout the day as needed, anticipating and reacting to customer volume

* Maintaining appropriate portion control and consistently monitoring food levels on the line

* Maintaining proper food handling, safety, and sanitation standards while preparing and cooking food

Customer Experience

* Providing friendly, quality customer service to each Chipotle customer

* Working toward understanding and articulating Food With Integrity

Miscellaneous

* Consistently and accurately using prep sheets, Road Maps, cleanliness list, and station checklists

* Following Chipotle sanitation standards including washing cookware and utensils throughout the day

* Cleaning equipment, as assigned, thoroughly and in a timely fashion according to Chipotle sanitation guideline

The ideal candidate will:

* Have the ability to develop positive working relationships with all restaurant employees and work as part of a team by helping others as needed or requested

* Have the ability to speak clearly and listen attentively to guests and other employees

* Have the ability to maintain a professional appearance at all times and display a positive and enthusiastic approach to all assignments

* Be able to exhibit a cheerful and helpful attitude, and provide exceptional customer service

* Be able to adapt to changing customer volume levels with a sense of urgency

* Have the ability to demonstrate a complete understanding of the menu

* Be able to follow instructions for recipes and sanitation guidelines

* Have the ability to be cross-trained in all areas of the kitchen and line

* Have the ability to communicate in the primary language(s) of the work location

At Chipotle we don't have multiple job titles for our entry level employees but all of our crew will play the role of dishwasher, cashier, server, host, bartender, cook, prep cook, etc. so be prepared to learn a lot and work hard if you join the team. Most of the jobs that we are hiring for are entry level positions. If you are interested in interviewing for a restaurant general manager or assistant restaurant manager position and have previous restaurant management experience you can search our careers page for more opportunities as we may have some of those positions available. Most of these management positions are filled internally but there are some exceptions.

Primary Location: Colorado - Denver - 0002 - Colorado-(00002)

Work Location:

0002 - Colorado-(00002)

745 Colorado Blvd, Ste A

Denver 80206-4082

Job: Crew

Job Posting: Oct. 13, 2016

Job Number: 16022007",b008f837fbd8221f8a87aad951e2875d
39880,Wells Fargo & Co,"Job Description

The Financial Analyst Program in Commercial Real Estate provides analysts with a strong foundation in credit analysis, and prepares you to understand and identify credit risks so that you can make informed lending decisions. As an analyst, you will participate in Credit Fundamentals, a fundamental credit training course which combines analysts from all lines of business. The training covers the people, credit, and transaction underwriting framework with a specific focus on financial accounting, cash flow analysis, loan structuring and underwriting. Analysts also build upon their analytical knowledge by participating in on-going training classes and seminars during their tenure with the firm.

ADVANCED CREDIT TRAINING

Based on outstanding performance after the program, analysts apply to the Credit Management Training Program (CMTP) which is a 4.5 month classroom course in San Francisco. CMTP focuses on advanced level credit analyses, case studies, and presentations. At the conclusion of CMTP, analysts enter a credit-related role in Wholesale Banking, where their primary clients will be mid-sized companies, large corporations, institutions and real estate developers and investors. Final placement is determined by business need and mutual interest.

RESPONSIBILITIES

You will become an integral part of a team and have the opportunity to assume significant responsibility that may include:

* Researching specific real estate markets to assess market demand, potential for demand and rate growth, competitiveness of comparable properties, and risk presented by new supply

* Participating in property tours and site visits to develop a deeper understanding of the real estate transaction

* Assembling complex financial models that identify the potential financial performance of an asset, underwriting risks associated with demand, rate, expenses, and supply

* Preparing information memorandums and recommendations for the senior credit committee

* Reviewing and assisting in negotiating loan agreements and ancillary documents related to the closing of a transaction

* Understanding client needs and identifying potential cross-sell opportunities for other Wells Fargo products and services

Team members support our focus on building strong customer relationships balanced with a strong risk mitigating and compliance-driven culture which firmly establishes those disciplines as critical to the success of our customers and company. They are accountable for execution of all applicable risk programs (Credit, Market, Financial Crimes, Operational, Regulatory Compliance), which includes effectively following and adhering to applicable Wells Fargo policies and procedures, appropriately fulfilling risk and compliance obligations, timely and effective escalation and remediation of issues, and making sound risk decisions. There is emphasis on proactive monitoring, governance, risk identification and escalation, as well as making sound risk decisions commensurate with the business unit's risk appetite and all risk and compliance program requirements.

Required Qualifications

* 1+ year of experience in one or a combination of the following: financial analysis, credit analysis, statistical analysis, or statement spreading; or a BS/BA degree or higher granted prior to hire date

Desired Qualifications

* Ability to work in a fast-paced deadline driven environment

* Effective organizational, multi tasking, and prioritizing skills

* Excellent verbal, written, and interpersonal communication skills

* High level of initiative and accountability

* Intermediate Microsoft Office skills

* Solid problem solving and decision making skills

* Strong analytical skills with high attention to detail and accuracy

Other Desired Qualifications

* Professional experience through internships, part-time or full-time work, and /or extra-curricular activities in the Commercial Real Estate industry.

* Credit analysis experience in the banking industry

Disclaimer

All offers for employment with Wells Fargo are contingent upon the candidate having successfully completed a criminal background check. Wells Fargo will consider qualified candidates with criminal histories in a manner consistent with the requirements of applicable local, state and Federal law, including Section 19 of the Federal Deposit Insurance Act.Relevant military experience is considered for veterans and transitioning service men and women.Wells Fargo is an Affirmative Action and Equal Opportunity Employer, Minority/Female/Disabled/Veteran/Gender Identity/Sexual Orientation.",b009362b44bb022f98b32cd4d5b7b4cc
28403,Premise Health,"Description

We have an opening for a Full timeOccupational MedicinePhysician for ourworksite health center inFort Wayne, IN

Premise Health, the newest name in onsite healthcare, was formed as a result of two industry pioneers – Take Care Employer Solutions and CHS Health Services – coming together. We believe healthcare should be about helping people get, stay and be well. That's our mission and it's the foundation of everything we do. With more than 40 years of experience, Premise Health manages more than 500 worksite-based health and wellness centers across the country. The company serves more than 200 of the nation's leading employers, including a significant number of the Fortune 1000.

Summary:

Provides direct medical care to client company employees.

Essential Functions:

* Provides episodic, preventive, and acute health care to patients

* Provide occupational health services (i.e., post-offer physicals, occupational surveillance exams, medical monitoring, return to work exams and Worker's Compensation medical

guidance) in some health centers

* Conducts histories and physical examinations and prescribes medications and/or medical treatments based on best practice standards

* Develops treatment plans in collaboration with patients; educates and advises on medical

issues as needed

* Provides referrals both internally and externally to appropriate medical resource or specialty

* Evaluates the effectiveness of medical care and monitors progress of patients

* Identifies emergency situations and provides care within legal scope of practice and as defined by Take Care Health privileging process

* Participates in the development of annual clinic goals and objectives

* Maintains medical records (In some health centers it may be using Electronic Medical Record software)

* May formulate and administer health programs as needed

Provides overall responsibility for the care of patients seen in the health care clinic in theabsence of the Medical Leader

* Other duties as assigned

* This job has no regular supervisory responsibilities

Requirements

Required Qualifications:

* Graduate of an accredited medical school

* At least three years of post-residency clinical experience

* Experience in a occupational healthcare, primary care, urgent care or emergency room setting

* Licensed to practice medicine in the state within which the site is located

* Must be Board Certified in Occupational Medicine, Internal Medicine, Family Practice, Primary Care or Emergency Medicine by the AOA or ABMS

* Must have current state and federal DEA certification

* Current Certification in AHA or ARC Basic Life Support for health care providers isrequired, Advanced Cardiac Life Support may also be required based on contract scope

of services

* Medical Review Officer (MRO) Certification may be required for some positions

* Knowledge of Internet software, Spreadsheet and Word Processing software

Preferred Qualifications:

* Knowledge and experience with Electronic Medical Records

* Knowledge of workplace health and safety concepts and OSHA regulations

Other Qualifications:

Requirements as set forth in the specific contract for the site may include working flexible hours including evenings, nights and weekends. Travel for training may occasionally be required.",b009e00c1588d9355802828da987ec8b
33933,Veolia Environnement SA,"Le/la salarié(e) devraeffectuer des contrôles de conformité des rejets des installations intérieuresau réseau public d'assainissement, sur la base de la réglementation en vigueur,en tenant compte des objectifs du Service (nombre de visites), et en respectanttoutes les règles de qualité, d'hygiène et de sécurité.

Il/elle serasusceptible d'intervenir en milieu industriel (contrôles AND), et réaliser descontrôles en assainissement Non-Collectif (ANC).

Il/elle effectuera lesvisites de manière autonome ou en binôme selon le type de contrôle et devra,pour cela, être capable de soulever des tampons d'accès aussi souvent quenécessaire.

L'activité est untravail d'enquête de terrain, complété par la gestion de dossiers à l'aide dela tablette graphique, jusqu'à l'envoi des rapports incluant le caséchéant des préconisations de travaux, des schémas explicatifs, voire desestimations du coût des travaux sur la base d'un bordereau.

Il/elle pourra êtreamené(e) à court/moyen terme à instruire des autorisations (AMR) ou conventionsspéciales de déversement (CSD).

Il/elle seraresponsable de la facturation de ses visites, et devra être apte à proposer desdevis pour le contrôle des nouvelles constructions (aux promoteursimmobiliers), des immeubles (aux Syndics, Communes…), en vue d'atteindre lesobjectifs du Service.

Il/elle devra être en mesured'assurer le reporting de son activité auprès des Collectivités.

Il/elle devraentretenir de très bonnes relations avec les clients, y compris avec lesServices Techniques des Collectivités.

Il/elle devra êtrecapable de proposer au Responsable de Service des propositions d'améliorations,tant au niveau sécurité, qu'au niveau des outils ou logiciels utilisés.

Il est nécessaire quele/la salarié(e) ait la maîtrise, ou soit capable de les acquérir rapidement,des tâches suivantes:

* lecturede plans et repérage des réseaux d'assainissement (eaux usées, eaux pluviales),

* utilisationde colorants et générateur de fumée pour le repérage des écoulements,

* établissementde rapports circonstanciés des anomalies constatées, proposition de solutionsde mise en conformité, réalisation de métrés…..

* maîtrisedes outils informatiques GCA / VISIO / Agenda Cartographique / Word / Excel,

* êtreun bon relais entre le client (Collectivités, industriels et particuliers), leCSC et le service,

* desconnaissances dans le traitement des effluents non-domestiques serait un plus,

Il doit posséder :

* rigueuret sens de l'organisation, faculté d'écoute et de réflexion,

* PermisB obligatoire.

Poste basé à Meudon (92)",b00a4d26f76007d1a9a436b29d44af08
469,Amazon.com Inc,"Customers love what Alexa can do. As a Senior Economist, you will define, execute, and deliver a roadmap that provides clear measurement and actionable insights across the Alexa ecosystem. As a key member of the team, you will participate in developing the strategy and vision for the group to identify and grow business opportunities for Amazon. This is a cross-functional role, requiring a highly analytical yet business savvy leader.

The Senior Economist will also be expected to work directly with the Chief Economist and senior management on key business problems related to Alexa, including retail, international retail, cloud computing, Kindle, digital, and even operations. Amazon economists apply the frontier of economic thinking to marketplace design, pricing, forecasting, program evaluation, online advertising and other areas. You will build econometric models, using our world class data systems, and apply economic theory to solve business problems in a fast moving environment. You will also be expected to develop new techniques to process large data sets, address quantitative problems, and contribute to the design of automated systems across applicable teams.

Basic Qualifications

* PhD in Economics, Finance, Statistics, or a related quantitative field.

* Experience formulating business problems and obtaining solutions in a quantitative/econometric framework.

* Experience implementing different techniques in predictive analytics, forecasting, or credit modeling & measurement.

Preferred Qualifications

* 6 - 10 years of experience in both business and academic environments.

* Expertise in finance broadly, and causal relationship modeling in particular.

* Expertise in at least one of the major statistical programs (STATA, SAS, GAUSS), one of the lower level languages having statistical packages (R, MatLab), as well as familiarity with standard databases such as SQL.

* Strong verbal/written communication skills, including an ability to effectively collaborate with both research and technical teams.

* Record of academic publication in economics and/or business journals.

* Experience communicating with senior executives.

Amazon is an Equal Opportunity-Affirmative Action Employer – Minority / Female / Disability / Veteran / Gender Identity / Sexual Orientation.

Apply for this job onlineApply

Share

Email this job to a friendRefer

Share on your newsfeed",b051cdb18f3c86ab3d4df0da053d2e88
40460,"SOS International, Ltd.","Company Overview

For 25 years, clients in the private and public sectors have relied upon SOS International LLC (SOSi) for critical operations in the world's most challenging environments. SOSi is privately held, was founded by its current ownership in 1989, maintains corporate headquarters in New York City, and specializes in providing logistics, construction, training, intelligence, and information technology solutions to the defense, diplomatic, intelligence and law enforcement communities.

All qualified applicants will receive consideration for employment and will not be discriminated against on the basis of race, color, religion, sex, sexual orientation, gender identity, national origin, age, disability, or protected veteran status. SOSi takes affirmative action in support of its policy to advance employment of individuals who are minorities, women, protected veterans, and individuals with disabilities.

1-160624-4454: Court Interpreter - Bengali Language

Job CategoryLinguist/TranslatorDuty LocationU.S. - New York - New York CityType of PositionConsultant/ContractorRequisition Number1-160624-4454 Job Description

SOS International LLC (SOSi) is seeking a qualified, professional, and experienced court interpreter to support a federal government customer. Our job is to support our customer's ongoing court cases by providing English language interpretation as required from Bengali. The ideal candidate will be a ""self-starter"", capable of hitting the ground running and flexible to support assignments on short notice.Essential Job Duties• Provides consecutive and simultaneous interpretation between Bengali and English and vice versa• Leads three-way telephonic interpretations between Government representatives and low English proficiency individuals as required• Performs sight translation, occurring when an interpreter is given a written document in one language and asked to read it aloud in another language• Provides quality control review of translated documents as required• Performs other duties as required

Minimum Requirements

* U.S. citizenship or permanent resident status • Certified Interpreter or possess minimum of one (1) year of experience interpreting in a court room• Ability to pass a background check• Highly proficient in both English and Bengali vocabularies typically used in formal, consultative, and casual modes of communication in justice system contexts, including colloquial slang, idiosyncratic slang, and regionalisms• Knowledgeable of specialized vocabulary (terminology) in both English and Bengali related to legal and criminal justice system terminology and immigration procedures, particularly with regard to terminology typically used in Immigration Court hearings• Ability to speak English and Bengali fluently, including high to low levels of language register, regional colloquialisms and slang expressions, and do so with clear and intelligible pronunciation• Ability to perform simultaneous, consecutive, and sight translation in a manner that is factually and conceptually accurate without changes, omissions, or additions • Ability to preserve the tone and emotional level of the speaker, as well as manage the delivery, speed and length of the statement (projection, pace and pausing) of the speaker• Ability to maintain appropriate speed and projection while rendering interpretation, and request and incorporate clarification of speaker's statements only when justified

Additional Information

Desired Qualities• Federal, State, National Association of Judiciary Interpreters and Translators(NAJIT), or Judiciary Interpreters and Translators Certification Examination (JITCE) certification in interpretation• Experience providing interpretation for Department of Justice (DoJ) Executive Office for Immigration Review (EOIR) court casesWork Environment• Fast-paced, deadline-driven environment• Work is on an as-needed basis• Shift-based schedules• Office environment with differing locations depending upon assignment",b051f8327409382db6eabcf65a236f69
28836,Compass Group,"* We have an opening for 2 full-time Cook positions.

* Location: Quincy University; 1810 Lind Street Quincy, IL 62301. Note: online applications accepted only.

* Schedule: F/T Schedule; 37-40 hours a week, weekends included.

* Requirement: Previous cook experience.

If you have a positive attitude and a love for learning, you may be interested in joining our team.

Chartwells Higher Education brings fresh ideas and innovative concepts to higher education foodservice. We have quickly established ourselves as the leading college and university foodservice partner in the industry, and were twice named the Fastest Growing Brand by Nations Restaurant News. While we reflect on a proud past, we keep a keen eye on what is yet to come, especially in the areas of culinary development and nutrition. We foster development in a setting where mobility, teamwork, and communication flourish.

Full time associates at Chartwells Higher Education are offered many fantastic benefits such as:

* Medical

* Dental

* Vision

* Flexible Spending Accounts (FSAs)

* Commuter Benefits

* Wellness Program

* Employee Assistance Program

* Life Insurance for Associates and Eligible Dependents

* Short Term Disability (STD) and Long Term Disability (LTD)

* Accidental Death & Dismemberment (AD&D) Insurance

* Discount Marketplace

* And other voluntary benefits

Summary: Prepares food in accordance with applicable federal, state and corporate standards, guidelines and regulations with established policies and procedures. Ensures quality food service is provided at all times.

Essential Duties and Responsibilities:

* Prepares high-quality food items according to standardized recipes and instructions to meet production, delivery and service schedules.

* Serves meals or prepares for delivery by using correct portioning, meeting outlined standards, ensuring that food is at the correct temperature and is attractive and tasty. Tastes all prepared food items.

* Uses established ticket collection procedures during service. Responsible for records from area worked during service periods.

* Cleans kitchen after preparation and serving, maintaining high standards of cleanliness. Stores or discards excess food in accordance with safe food-handling procedures.

* Keeps refrigerators and storerooms clean and neat. Ensures food and supply items are stored per standards.

* Operates and maintains kitchen equipment as instructed.

* Assists in production planning, record keeping and reporting as required.

* Assists in the ordering and receiving of all food and supplies as required.

* Reports needed maintenance, faulty equipment or accidents to the supervisor immediately.

* Attends in-service and safety meetings.

* Maintains good working relationships with coworkers, customers, administrators and managers.

* Performs job safely while maintaining a clean, safe work environment.

* Performs other duties as assigned.

About Compass Group: Achieving leadership in the foodservice industry

Compass Group is an equal opportunity employer. At Compass, we are committed to treating all Applicants and Associates fairly based on their abilities, achievements, and experience without regard to race, national origin, sex, age, disability, veteran status, sexual orientation, gender identity, or any other classification protected by law.

Qualified candidates must be able to perform the essential functions of this position satisfactorily with or without a reasonable accommodation. Disclaimer: this job post is not necessarily an exhaustive list of all essential responsibilities, skills, tasks, or requirements associated with this position. While this is intended to be an accurate reflection of the position posted, the Company reserves the right to modify or change the essential functions of the job based on business necessity.

Req ID: 82083",b05379ea14765af0691d8ddf7a567693
115,Lockheed Martin Corp,"Job Description :

This position will support day-to-day Wing Systems Operations on the F-35 Program. Will interface with all levels of management as well as customer. Ability to provide documentation, education, and procedural oversight to assemblers and mechanics in support of Wing Systems Operations.

Basic Qualifications

* Capable of identifying defective parts, equipment, and systems in order to determine root cause of problems and potential corrective actions.

* Effective at coordinating activities to evaluate and resolve engineering related production/system problems

* Skilled at interpreting engineering and planning documents

* Must be a US Citizen. This position is located at a facility that requires special access.

Desired skills

F-35 manufacturing experience.

Working knowledge of LM Manufacturing Systems including, EDMS, MPRS II, QADs, PDM, MRP, SFM, and EWI

Experience with LM organizational environment to include production engineering, manufacturing engineering, production control, and industrial engineering

As a leading technology innovation company, Lockheed Martin's team of 113,000 people works with partners around the world to bring proven performance to our customers' toughest challenges. Lockheed Martin has employees based in all 50 states and more than 570 facilities that span 70 countries.

Join us at Lockheed Martin, where we're engineering a better tomorrow.

Lockheed Martin is an Equal Opportunity/Affirmative Action Employer. All qualified applicants will receive consideration for employment without regard to race, color, religion, sex, national origin, age, protected veteran status, or disability status.

Job Location(s): Fort Worth Texas

Security Clearance :

Secret

Business Unit :

ESS0343 AERONAUTICS COMPANY

Program :

F-35

Job Class :

Manufacturing

Job Category :

Experienced Professional

City :

Fort Worth

State :

TX

Virtual :

No

Relocation Available :

Yes

Work Schedule :

FLEX9x80A-Friday off in 2nd week w/flex hrs/day

Req Type :

Full-Time

Shift :

First

Additional Posting Locations :

Fort Worth",b0559843c4a636c357b99caf03e09565
28190,J Crew Group Inc,"VISUAL ASSOCIATE

[Hourly Part-Time, reports to a store director]

There is something about the Visual Associate's craft that makes you stop + take notice. They have an innate ability to transform a table with stacks of pants into a work of art. They create window-envy. This is a proven fact; when we change our windows, all of our neighbors stop + stare, sometimes creating traffic jams inside the mall. Visual Associates execute merchandising direction flawlessly while customizing to maximize the potential of every location.

Let's begin with the things we value:

Passionate

believes in our brand, loves fashion + shows up with an intuitive feel for what's right

Customer Hero

is customer-centric + relentless about exceeding expectations

Driven

can grow a business + constantly questions what can be done better

Innovative

can identify + articulate ideas to reinvent + evolve a business

Visionary

is market-aware, forward thinking + global

Leader

fosters collaboration + productivity

Okay, now let's add role-specific competencies:

Inspired

executes visual merchandising + creative direction, offers new ideas that compliment our strategy, into the details

Drive for Results

achieves objectives successfully, is bottom-line oriented + pushes self and others for results

Approachable

is easy to talk to: warm, pleasant + gracious, a good listener

Composure

is cool under pressure, not knocked off balance by the unexpected, does not show frustration when resisted

Learner

is energized by discovering new things, connects the dots between learning experiences

Team Player

is open to (+ can be influenced by) associate contributions, values diversity + supports inclusion

So far so good? Great, now on to those necessary requirements:

Diploma

high school or equivalent combo of education + experience

Birthdays

you need to have had at least 18 of these to work for us

Grammar School Basics

we expect you've mastered these: a command of reading, writing, speaking + some presenting (in front of groups)

Flexible

there when needed; weekends, holidays, overnights

DIYers

not afraid to get on a ladder, paint a wall, use a power tool or maybe even a protractor, hot glue gun – no problem

Fashion Savvy

turned on by creating head to toe looks that look great and reinforce our brand

Tech Savvy

facile with smartphones, apps, and other assorted gizmos

Physical

can lift, carry or move at least 40 lbs./18 kilos + we're going to max out your fitbit (with lots of walking around)

Got it all? Excellent, let's chat… we just might be the best place for you to build your career

We are committed to affirmatively providing equal opportunity to all associates and qualified applicants without regard to race, color, ancestry, national origin, religion, sex, marital status, sexual orientation, gender identity or expression, legally protected physical or mental disability or any other basis protected under applicable law.",b0563395a755a9104b91aee89f60b53b
33729,Alberta Health Services,"This position provides Clerical services for the Record Processing section of Health Information Management.

This position may be responsible for one or more of the following tasks to ensure immediate access to patient information:

* Process outpatient/inpatient, day surgery, emergency and ambulatory care visit documentation.

* Performs deficiency management functions.

* Maintains control of patient records to ensure immediate access.

* Maintains integrity of the Records Management and the ADT databases, filing, and scanning.

* Performs other related duties as required to support the Health Information Management Department.

In addition to a competitive rate of pay, AHS currently has a Fort McMurray Allowance in place to an annual maximum of $12,480. This allowance is non-pensionable and is payable on an hourly basis for all hours paid at the basic rate of pay. Qualifications: - High School Diploma or equivalent education.

* Experience in Health Records or equivalent related experience with computerized systems.

* Medical Terminology.

* Must be physically able to perform duties involving standing, sitting, bending, and stretching for extended periods of time.

* Attention to detail and accuracy.

* Ability to work quickly yet accurately.

* Maintain a positive attitude in a busy environment.

* Good team player and have exceptional communication and interpersonal skill.

* Excellent computer skills are required with Windows Application (ability of 50 wpm required).

AHS values the diversity of the people and communities we serve and is committed to attracting, engaging and developing a diverse and inclusive workforce.

Mandatory conditions of employment and continued employment:

All employees must provide a criminal record check that is satisfactory to AHS in compliance with the AHS Security Screening Procedure.

All professions must provide proof of licensure or registration with the approved Alberta regulatory college, prior to commencing duties with AHS where applicable:

* Regulated health professions under the Alberta Health Professions Act and Health Disciplines Act will be required to provide an original copy of a valid practice permit before commencing their duties with AHS.

* Other professions governed by government acts, college or regulatory body requirements may be required to provide additional documentation.

AHS Job postings close at 23:59 Alberta Time (Mountain Standard Time) on the posting closed date indicated.

Current AHS Employees must apply through e-People to be categorized as Internal applicant. Applying through this site may affect your standing in the competition.

Having problems with this page?

Contact our Technical Support Team",b0728f86fbc9ea92f6eb2097744cb83b
115,Lockheed Martin Corp,"Job Description :

This position is for a Software Engineer to work on an Agile development team for the program. The Software Engineer will be involved in all phases of the software engineering process including capability definition, design, development, test, and demonstration during 10 day sprints. The Software Engineer must be able to communicate effectively with the team at daily scrums to work through road blocks to resolve issues quickly. In addition to working sprint activities, the Software Engineer will also be required to support the O&S team troubleshoot issues with the production system and fix production defects for delivery in a sprint release.

Ability to obtain TS/SCI Clearance required for this role.

Basic Qualifications

Acceptable degree programs will include only science and technology related programs such as Mathematics, Computer Science, Systems Engineering, Electrical Engineering, Computer Engineering, Physics, etc.

Proficiency with one or more of the following software languages: Java, C++, C#

This position requires special access to support the program and requires the selected candidate to be a US Citizen

Desired skills

Agile development process, JBoss, CSS, JSON, SQL, Web Services, AngularJS, Bootstrap. JavaScript, JSP, HTTP, KML, XML

As a leading technology innovation company, Lockheed Martin's vast team works with partners around the world to bring proven performance to our customers' toughest challenges. Lockheed Martin has employees based in many states throughout the U.S., and Internationally, with business locations in many nations and territories.

Join us at Lockheed Martin, where we're engineering a better tomorrow.

Lockheed Martin is an Equal Opportunity/Affirmative Action Employer. All qualified applicants will receive consideration for employment without regard to race, color, religion, sex, pregnancy, sexual orientation, gender identity, national origin, age, protected veteran status, or disability status.

Job Location(s): Herndon Virginia

Security Clearance :

TS/SCI

Business Unit :

ESS4400 SPACE SYSTEMS COMPANY

Program :

GVS

Job Class :

Software Engineering

Job Category :

4 yr and up College

City :

Herndon

State :

VA

Virtual :

No

Relocation Available :

Possible

Work Schedule :

9x80A-9,9,9,9,8 hrs/d in wk1, /9,9,9,9,off in wk2

Req Type :

Full-Time

Shift :

First

Additional Posting Locations :

Herndon",b072c2aba01d7cd490c7a5a58b1c7210
2312,Labcorp Holdings Inc,"At Labcorp, we understand what's important. It's the people whose lives we help improve that matter the most. We connect our company and our people in ways that few companies can. Each day, our team members have an opportunity to build rewarding careers and experience the satisfaction of knowing the work they do helps save lives. As a Customer Service Support Representative, you will serve as a liaison between the laboratory and our customers in response to inquiries and problems. This involves researching, troubleshooting and resolving customer problems. Our Customer Service Support Representative performs a wide variety of administrative/clerical duties. This is a high volume call center environment; taking 120+ calls per day. This is a full time opportunity with great benefits including, medical, dental, vision, 401k, life insurance, access to discounts at major retailers, career growth opportunities, and more.",b076ffacd5849ea24a210f6a05711480
35115,The Brick Group Income Fund,"If you've been looking to join a team that values your energy and talents, offers multiple career paths, and provides you with continuous development opportunities, you've found it! Since 1971, The Brick has been led by visionary men and women who have embraced each business opportunity with the drive for success. We want you to join our winning team and experience The Brick Way!

As a Delivery Driver, you demonstrate enthusiasm while delivering positive, professional and courteous customer service to ensure the highest level of customer satisfaction! Join our Fleet team and be a part of one of the Top Fleet Employers of 2016 as named by Trucking HR Canada!

Full time Fleet Associates can earn over $50,000.00 annually within the first 24 months of employment. Top performers can earn significantly more!

Responsibilities

* Route and schedule deliveries

* Inspect and load product

* Perform pre-trip inspection of vehicle

* Lift and carry products into customers' homes with no damages, and assemble as required

* Perform in-home customer service including customer settlements

* Document delivery status

* Record information such as mileage, fuel costs, and any problems encountered

* Complete driver check-in, including proper accounting of merchandise and invoicing

* Perform minor vehicle maintenance

Job Requirements

* Minimum 1 year driving and/or delivery experience

* Valid driver's license (class 5 only is needed) ~ Graduated is NOT sufficient

* Current Driver's Abstract (no more than 2 moving violations in the past 12 months)

* High school diploma or equivalent would be an asset but not mandatory

* Customer service oriented

* Excellent organization and communication skills

* Flexibility to work shifts, including evenings and weekends, as required

* Ability to lift and carry heavy merchandise exceeding 50 lbs on a regular basis

* Must pass a criminal background check sponsored by The Brick

Why work for the Brick?

* Flexible ""employer-paid"" benefits including Health, Dental and Paramedical Services for you and your family

* Competitive pay

* Paid training

* Career progression program

* Access to free personal development training through ""The Brick University""

* Employee discounts Personal ""Paid"" days off

* Recognition, incentives, prizes and giveaways!

Be a part of Canada's largest home furnishings retailer!

Number one in quality home furnishings across Canada.

We thank all those who apply; however, only those applicants chosen for an interview will be contacted.

Employment Type

Full-Time Permanent

Category

Delivery/Fleet

Career Level

Experienced (Non-Manager)

Education Required

High School Diploma (or Equivalent)

Shift Type

Travel Required

Less than 25%",b07871ca1b8da46281d9e0c2012cfaa9
35116,Arden Holdings Inc,"Share this job as a link in your status update to LinkedIn.

Availability

Days, evenings and weekends

Job Title

Sales Associate

Education

Some High School

Location

456- Nanaimo North - Nanaimo, BC V9T-4K6 CA (Primary)

Career Level

Student (High School)

Category

Retail

Job Type

Part-time (up to 20 hours)

Job Description

The Sales Associate is responsible for providing outstanding customer service as per company standards, working with a Point of Sale (POS) system, generating sales, merchandising and general upkeep of the store's cleanliness and appearance.

Other responsibilities include:

* Ensuring that each customer receives outstanding service by providing a friendly environment, which includes greeting, acknowledging and re-approaching every customer, maintaining solid product knowledge and all other aspects of customer service;

* Keeping informed on the most current promotions and advertisements;

* Assisting in merchandising, displays and maintenance of the store's cleanliness;

* Replenishing merchandise, monitoring floor stock and processing shipments;

* Directing customers in locating merchandise;

* Processing cash/credit/debit purchases at register using a Point of Sale (POS) system;

* Adhering to all company policies per the employee manual;

* Comply with policy and regulations as per the company's employee manual with regards to integrity and loss prevention.

* Other tasks as assigned by the Manager or Assistant Manager.

Job Requirements

Qualifications:

* 1 year of retail or customer service experience;

* Excellent customer service abilities;

* Outgoing and able to communicate with associates and customers;

* Friendly disposition and positive attitude;

Other:

* Physical ability to stand for extended periods, climb a ladder and to move and handle boxes of merchandise (weighing up to 30 pounds) and fixtures throughout the store, which entails lifting, and perform all functions as set forth above;

NOTE: This job description is not intended to be all-inclusive. Employee may perform other related duties as negotiated to meet the ongoing needs of the company.

Ardene is an equal opportunity employer, and as such, does not discriminate in hiring or terms and conditions of employment on the basis of an individual's race, ancestry, color, place of origin, religion, gender, gender identity, citizenship, age, sexual orientation, disability, national origin, family status, marital status or any other or any other characteristic protected by applicable laws. Selection decisions are solely based on job-related factors.",b056a25e56a2a4c59abd1eb86bb7e231
33716,Ferchau,"Sie interessieren sich für spannende Projekte in den unterschiedlichsten Bereichen. Dann sind Sie bei FERCHAU richtig. Als Marktführer stehen wir mit mehr als 6.600 Mitarbeitern an über 90 Standorten seit vielen Jahren für die ganze Welt des Engineerings. Unseren namhaften Kunden bieten wir individuelle Lösungen für neue technische Herausforderungen. Ihnen eröffnen wir die Möglichkeit, durch Leistung Ihre Zukunft selbst zu steuern.

Überzeugen Sie uns mit Ihrem Talent - als

Konstrukteur (m/w) Sondermaschinenbau Raum Braunschweig

Abwechslungsreich und komplex - Ihr Verantwortungsbereich ist vielfältig.

* Konstruktion von Baugruppen im Bereich des Sondermaschinenbaus mit dem CAD-Programm Inventor

* Ausarbeiten von Konzepten und Mitarbeit bei der Entwicklung

* Ableitungen, Zeichnungserstellung und Detaillierung

* Dokumentation

Wachstum und Abwechslung - Ihre Entwicklung hat Perspektiven

* Förderung fachspezifischer Kompetenz

* High-Potential-Programm

* Individuelle Personalentwicklungsprogramme

Fachlich und persönlich - Ihre Qualifikation ist überzeugend.

* Erfolgreich abgeschlossenes Studium des Maschinenbaus

* Mehrjährige Erfahrungen in der Konstruktion und im Bereich des Sondermaschinenbaus

* Sicherer Umgang mit Inventor und Vault",b078cf103fd5aa592ac0d7acb758deb3
25091,Smart Style,"var productVersion = ""2016.3""; var timeoutSeconds = 3600; var timeoutWarningSeconds = 300; var displayTimeWarning = 0; var isCandidateLoggedIn = false; var companyId = 16310; var ep_version = 6;

try{Typekit.load();}catch(e){}

* Home

* Search Current Openings

* About Us

* Benefits

* Search Current Openings

* Update Your Application

Your user session will timeout in 5 minutes. Please click OK to continue with your application.

/* */

Salon Manager

Tracking Code

43013-MG00B-1016

Job Description

Job Description: Salon Leader

The Salon Leader (a/k/a Salon Manager) is responsible for all facets of a salon's operations and provides leadership and tools to staff to help them increase their clientele and the business. The Salon Leader also provides all hair care services offered by Regis and ensures the highest quality of guest service standards and salon profitability. The Salon Leader provides guests with excellent service providing the full range of hair care services offered by their salon, such as cutting, styling, coloring, washing and perming hair and providing wax treatments. Regis endeavors to provide every guest with a great experience every time they visit by providing quality consultations, exceptional service and the knowledge to duplicate the desired look at home.

Minimal Qualifications:

* Current cosmetology or barber license and manager license as required by state/provincial regulations

* Ability to work a flexible schedule, including evenings and weekends

* Ability to provide exceptional guest service, understanding the guest's needs, providing quality consultations and performing services requested in a competent, efficient and professional manner.

* Ability to perform administrative tasks such as completing schedules and transactions on the computerized register, performing close-out procedures and light housekeeping duties

* Ability to resolve guest issues

* Ability to effectively lead and develop a team, creating a positive work environment, training and providing guidance on business and technical competency matters and resolving associate issues

Physical Requirements:

* Standing for sustained periods of time

* Frequent lifting up to 10 pounds, occasionally up to 25 pounds

* Continuous repetitive movement with fingers, hands, wrists and arms.

* Continuous grasping and reaching, often above shoulder level

* Ability to be exposed to various chemicals and fragrances used in performing services

* Ability to observe guest's hair, including close vision, color vision and ability to adjust focus

* Ability to communicate with guest regarding services offered and requested and the guest's needs and wants

* Occasional travel to meetings out of town, sometimes over night",b05cc2fe066f4b1b6258cbfeb317378f
28627,Pilot Logistics,"This job is locatd in Belle, WV.

The Diesel Fuel Mechanic is responsible for maintaining the trucks and facilities and coordinating all required repairs.

Job Functions

The following are essential job functions:

* Maintain inventory of parts necessary to perform job (i.e., bulbs, gloves, fittings, etc.).

* Evaluate poor running trucks and insures their proper repair.

* Provide regular maintenance of facility and all equipment.

* Review vehicle inspection reports and insure all repairs will be made.

* Perform all required DOT and CHP services and inspections. Keep up-to-date truck files and ensure that the Company is in compliance with all regulations.

* Keep fleet in compliance with all DOT and CHP regulations.

* Ensure that trucks are always in a safe operating condition.

* Able to solve practical problems and deal with a variety of concrete variables in situations where only limited standardization exists.

* Able to interpret a variety of instructions furnished in written, oral, diagram or schedule form.

Skills Required:

* Able to read and interpret documents such as safety rules, operating and maintenance instructions and procedure manuals.

* Able to write routine reports and correspondence.

* Able to calculate figures and amounts such as discounts, interest, commissions, proportions, percentages, area, circumference and volume. Able to apply concepts of basic algebra.

Minimum Education:

* High school diploma or GED.

* Associate's Degree preferred.

* Mechanic certification preferred (air brake adjustment, diagnostics, etc.)

* Class A license.

Minimum Experience:

* 5+ years of progressively responsible experience in similar role.

* Class A CDL with tanker and hazmat endorsements pereferred

* DOT medical card preferred

* one year heavy duty truck mechanic experience

* heavy diagnostic experience (Cummings, Cat, etc.)

* electrical troubleshooting

* electric brakes

Must have:

* own tools

* no felonies in past 10 years

* no misdemeanors in last 5 years

* no DUI's in last 10 years

Must be:

* eligible to work in the United States

* able to work in all weather conditions

* able and willing to work long hours including day and night shifts

* able to safely climb ladders and walk on top of truck and facility tanks

* able to stand and/or sit for prolonged periods

* able to lift 50 to 100 lbs

* able to pass a pre-employment drug screen",b05e391f87971bbff6f73c65859520d3
38388,Ross Stores Inc,"The Assistant Store Manager (ASM) is responsible for management and supervision of all assigned departments and all non-exempt employees. The ASM will assists in managing and controlling the operations of the store to ensure that company standards and expectations are consistently met. Additionally, the ASM will supervise areas assigned by the Store Manager and follow the Ross philosophy and policies in regard to customers, Associates and merchandising. The ASM is responsible for learning all phases of store operations. In the absence of the Store Manager, the Assistant Manager is responsible for the entire store operation and will execute the business plan and associated programs that will deliver the desired sales and profit results, while maintaining good quality customer service.

ESSENTIAL FUNCTIONS:

Customer Service

* Executes customer service programs and Merchandise Presentation programs through Associate training and program supervision.

* Supervises and coaches retail associates in providing efficient and friendly service at the registers, Customer Service desk, fitting rooms, sales floor etc.

* Monitors the maintenance of Customer Service, Sizing and Markdowns to corporate goal. Merchandise Processing , In-Store Marketing and Store Appearance

* Urgently approaches processing merchandise to the selling floor within company timeframe. Ensures merchandise is presented and organized utilizing Ross Merchandising Philosophy and Guidelines.

* Ensures markdowns are processed according to policy on an accurate and timely basis.

* Maintains a high standard of house keeping with help of contracted maintenance personnel and Ross Associates.

* Manages store recovery to ensure a clean, neat, easy to shop environment. Shortage

* Monitors inventory shortage programs in store and monitors programs to ensure compliance. Understands company and store inventory results and goals.

* Assists in leading the annual inventory process including preparation and execution of inventory guidelines.

* Assists with training Associates on Loss Prevention awareness and store shortage goals.

* Monitors mark-out-of-stock policy to ensure proper administration. General Operating Requirements

* Understands the Star Visit program and is directly involved with Visit feedback and follow-up as needed.

* Assists in the analysis of monthly store reports to evaluate controllable expenses and overall store performance.

* Communicates any variances to company standards to the Store Manager.

* Ensures proper scheduling of employees to meet business objectives.

* Ensures all Associates understand and can execute emergency operating procedures.

* Accepts special assignments as directed by management. Organizational Development

* Assists in recruiting, hiring, training and developing non-exempt Associates.

* Ensures compliance of Ross personnel policies and procedures.

* Assists with Employee Relations issues by communicating any incidents to the Store Manager or District Managers as needed.

* Maintains adherence to company safety policies and ensures the safety of Associates and customers.

* Assists in the Facilitation of monthly safety meetings.

* Ensures compliance of all state, local and federal regulations. Expense Control

* Assists in the management of and continuous monitoring of actual expenditures to be within budget. Controls payroll hours to plan, as the primary controllable expense, as well as adjusting to current business trends.

PHYSICAL REQUIREMENTS:

* Must be able to stand for prolonged periods of time (up to 8 hours per day).

* Must be able to raise or lower objects weighing up to 25 lbs, from one level to another (includes upward pulling).

* Must be able to regularly bend, stoop, or crouch (frequency and duration will vary per daily business need).

SUPERVISORY RESPONSIBILITIES:

* Direct supervision of all non-exempt employees.",b07a347dedd7216ac3e37c94cb486b18
18770,Capital One Financial Corp,"McLean 1 (19050), United States of America, McLean, Virginia

Sr. Director, Data Analytics

Senior Director, Data Analytics

At Capital One, data is at the center of everything we do. When we were a tiny startup we disrupted the credit card industry by individually personalizing every credit card offer using statistical modeling and the relational database, cutting edge technology in 1988! Fast-forward a few years, and that little innovation and our passion for data has skyrocketed us to a Fortune 200 company and a leader in the world of data-driven decision-making.

Twenty-five years after Capital One was started it's still led by its founder. Be ready to join a community of the smartest people you've ever met, who put the customer first, and want to use their data skills to make a difference.

As a Senior Director, Data Analytics within Enterprise Model Risk, Analytics, and Data (EMRAD), you will shape and lead a new team in the validation of business impacting analytical tools. You will enhance your strategic technical and analytical skills, while also working closely with business leaders across Capital One to influence business strategy. With a network of hundreds of Data Analysts, Quants, and Data Scientists, challenging projects with an eye on the bottom line and a focus on work/life balance, we've create a dynamic environment with plenty of room for you to learn, grow, and realize your full potential.

What you'll do:

This dynamic position will initially help shape the strategy and structure for a new validation team. This function will have a significant impact on Risk Management, and has the potential to shape validation procedures across Capital One.

In addition to establishing the framework for this team, you will lead the team in critical validation efforts, such as testing and reviewing analytical tools, maintaining a centralized system of record, and oversight of inventory refreshes and reviews. The individual in this position will also be a key member of the Enterprise Model Risk, Analytics, and Data (EMRAD) senior leadership team, driving the team's agenda. There will be plenty of opportunities for you to exercise your strategic and analytical capabilities.

Given the substantial impact this position will have on Capital One, we are looking for someone who can passionately lead a team of Analysts and masterfully communicate and influence across the organization, all while pushing the envelope on our technologies.

On a given day you will be:

* Creating and refining a new Enterprise-wide analytical tools validation framework

* Design and lead analytic validation projects

* Understand business processes associated with analytical tools across Capital One, and the nature of tools usage within those processes

* Leading the development of projects, setting and managing expectations, and delivering results through self and/or others;

* Guiding the benchmarking of analytical tools methodologies and performance

* Defining roles and responsibilities

* Directing the annual inventory update

* Overseeing validation at tool initiation

* Ensuring timely and accurate reporting of all EUCs in scope

* Ensuring adherence to the validation requirements

* Communicating validation work to senior management and stakeholders

* Leveraging education, colleagues and training opportunities to develop solutions to business problems

* Lead and build the validation group, through contributions to hiring, training, and developing the team

An ideal candidate will possess strong problem solving and conceptual thinking abilities in addition to communication, interpersonal and leadership skills. Prior experience driving tradeoffs within a business will be beneficial in this role. This position will be in a fast-paced and entrepreneurial environment where you will be handling multiple concurrent projects while working independently and in teams.

Basic Qualifications:

* Bachelor's Degree

* 5+ years of experience with professional data analysis

* 5+ years of experience managing people

* 3+ years of experience with leading edge data technology and modeling

* 3+ years of experience with data management or model risk management

Preferred Qualifications:

* Master's Degree or Doctorate in a Science, Technology, Engineering, Mathematics discipline

* 10+ years of experience with professional data analysis

* 5+ years of experience in financial services industry

* 5+ years of experience in developing statistical or econometric models, or 5+ years of experience in validating statistical or econometric models

* 2+ years of experience with data governance

* 2+ years of experience with predictive analytics

Capital One will consider sponsoring a new qualified applicant for employment authorization for this position.",b07c855402fe15eccd57870ff8e27aae
23076,Barnes & Noble Inc,"Barnes & Noble is an innovator in publishing, retail, and digital media, including our award-winning NOOK® products and an expansive collection of digital reading and entertainment content. We welcome creative, dedicated, and service-oriented team members who are passionate about being an integral part of our dynamic community and helping it thrive. Whether your expertise is in retail, merchandising, publishing, marketing, technology, or finance, we have a place for you at Barnes & Noble As a Bookseller, you sell all our products and deliver world-class customer service through your commitment to our four core service principles. You have a passion for what you do and enrich the customer's experience by sharing your knowledge to determine the customer's needs. You make the store experience interactive and engaging. Essential Functions: Provide world-class customer service by delivering the four core service principles: put the book in the customer's hand, offer to order, offer the Member program, and fast cashiering. Greet and establish rapport with customers, engaging them in conversations about all our products and services. Ask questions to identify customer needs, providing recommendations using your product knowledge to connect our customer with the right solutions. Share technical knowledge and enthusiasm about all our digital products and services, providing a personalized experience to multiple customers at the same time. Respond to customer's concerns and questions, and wrap up the sale. Communicate specific product needs to managers to ensure your store is stocked appropriately with in demand titles and customer requests. Ensure that products are put on the selling floor when received, identifying, organizing, shelving, and zoning in accordance with Integrated Store Operations (ISO), Visual Merchandising Standards (VMS), and shelving guidelines. Recover the selling floor during each shift, including but not necessarily limited to gathering and picking up items, straightening bookcases, maintaining tables in the Cafe, helping to maintain restroom cleanliness, and performing other store housekeeping tasks as required. Assist in any area of the store when necessary; including but not limited to receiving, cashwrap, Cafe' and specialty areas. Protect company assets by adhering to all inventory and loss prevention standards, properly completing weekly cycle counts and inventories. Help orient new booksellers, ensuring a smooth acclimation to the store and our bookselling culture. Act with integrity and trust, promoting our bookselling culture and core values. Requirements/Qualifications: As a bookseller, you sell, sharing your technical and product knowledge with customers and other booksellers, contributing to the overall success of your store. You relate easily to others, building rapport and collaborative relationships with the store team and customers. You are able to speak with all customers, are a good listener and enjoy working with people. You are comfortable in a changing environment, with multitasking, and with learning new systems and processes. You comply at all times with the Standards, Policies, and Code of Business Conduct and Ethics set out in the Bookseller Handbook. You spend the majority of your time on the selling floor, which requires physical activity, including maneuvering around the store, prolonged standing, repetitive bending, climbing, and lifting. Our stores are open daily, which requires early morning, evening, weekend, and holiday availability. You should be capable of using a computer and cash register. Barnes & Noble is an equal opportunity and affirmative action employer and is committed to providing employment opportunities to minorities, females, veterans, and disabled individuals, as well as other protected groups Are you a returning applicant? Previous Applicants: Email: Password: If you do not remember your password click here.",b07f66b1a8cd52f0d365b327db03102e
74,Best Buy Co Inc,"What does a Geek Squad Customer Service Center Rep do?

Do all things technology fire you up? If you answered yes – congratulations, your dream career might be waiting for you at Geek Squad.

The Geek Squad Quality Assurance Administrator monitors and evaluates inventory control and monitors inventory accuracy at Geek Squad Service Centers. You'll provide necessary insight on costs, profits and customer/vendor relations.

What are the Professional Requirements of a Geek Squad Agent?

Basic Requirements:

* High school diploma or equivalent

* Willingness to work in a dusty, sometimes dirty, noisy environment

* Lift or maneuver up to 50 lb. with or without reasonable accommodation

Preferred Requirements:

* 2 years experience in a warehouse environment",b07f44f90ab0378b58ee223a64ef6fd5
21997,Starwood Hotels,"POSITION PURPOSEManage all aspects of the food production for the hot or cold line, including food preparation according to the description. Adhere to sanitation practices.ESSENTIAL FUNCTIONSPrepare food items for customers using a quality predetermined method in a timely and consistent manner.Set up station with predetermined mise en place required to service all banquet functions.Practice sanitation and safety daily to ensure the total customer satisfaction.Other:Regular attendance in conformance with the standards, which may be established from time to time, is essential to the successful performance of this position. Employees with irregular attendance will be subject to disciplinary action, up to and including termination of employment.Due to the cyclical nature of the hospitality industry, employees may be required to work varying schedules to reflect the business needs of the hotel. In addition, attendance at all scheduled training sessions and meetings is required.Upon employment, all employees are required to fully comply with Starwood rules and regulations for the safe and effective operation of the hotel's facilities. Employees who violate hotel rules and regulations will be subject to disciplinary action, up to and including termination of employment.SUPPORTIVE FUNCTIONSIn addition to performance of the essential functions, this position may be required to perform a combination of the following supportive functions, with the percentage of time performing each function to be solely determined by the manager based upon the particular requirements of the hotel:•Consult with Executive Chef and Executive Sous Chef on a daily basis as well as with other departments that are directly related to the Food & Beverage Department.•Participate in long range planning.•Participate, support and make recommendations for ongoing hotel programs with continuous improvement in networking.

Experience1-2 years of line cook experience required, preferrably in hospitality. Must have experience in hot line, cold line, cold prep and banquets.ScheduleThis position is Part-Time/2-3 shifts per week. Must be able to work varying shifts (AM, Mid or PM). Must be able to work weekends/holidays if business levels require. GroomingAll employees must maintain a neat, clean and well-groomed appearance per Starwood standards. This job description is not an exclusive or exhaustive list of all job functions that an employee in this position may be asked to perform from time to time.",b081296e2cc8d1c3ae8a6c92ffb35a8a
3224,Sears,"Job Description:

Service Technician

Overview

Are you looking for a new career opportunity with great earning potentials? Be part of our new and rewarding compensation program. As a Sears' technician you have the ability to grow your income based on the amount of work you perform and the labour dollars you generate. Under this program, self motivated technicians earn on average $ 40-60 per hour*.

You will also be eligible for full benefits (health, dental, and vision), annual incentive plans/bonus, paid vacation time, defined pension plan, employee discount perks, and more.

Take control of your career and income potential by determining the amount of work you would like to handle in a day. You will be provided with specialty tools, including vehicle, required to succeed in this role. What are you waiting for? Apply and submit your resume immediately.

Purpose of the Job

Provide courteous and professional technical service to all Sears Canada customers, through product information and technical repairs, in accordance with Sears Canada standards and policies. Service is performed on a variety of products such as all major appliances including natural gas and refrigeration (e.g. non vented products) and may be provided either in the Sears Service Centre location and/or in the customer's home depending on the product being serviced.

Major Responsibilities

* Provide technical services with respect to customer and corporate-owned merchandise, either at a Sears Service Centre location or in the customer's home, in a timely manner ensuring customer satisfaction for all major appliances including gas and refrigeration. Conduct diagnostic assessment to determine problems, estimate costs for repair and/or replacement of product, complete actual repairs, order required parts etc. In addition a key area of responsibility is the sale of Labour and Repair Parts where the merchandise is Customer owned.

* Communicate with customer regarding details of diagnostic assessment, appropriate use, performance and maintenance of merchandise, and cost of repair versus replacement. Respond to customer inquiries, clarify and exchange information to ensure Service Technician and customer fully understand the situation and ensure customer satisfaction. Arrange for follow-up service calls as required.

* Complete required documentation e.g. written repair estimates, parts and/or equipment purchase orders, customer invoices etc and/or enter information for processed orders e.g. part pricing, job codes, estimating labour costs etc in accordance with Sears Canada standards and processes. Communicate with Partsperson to ensure all required information is provided and is clearly understood e.g. verify parts number, job codes, etc.

* Promote other Sears services to customers e.g. Sears Card, Home Installed Products, etc. Promote and sell related product lines e.g. additional repairs, parts, product cleaners, protection agreements, etc.

* Operate and maintain service vehicles, and ensure security of parts inventory and all Sears equipment/property during working and overnight hours when vehicles are located at Service Technician's home, in accordance with Sears Canada procedures. Notify Manager of any damage/loss to Sears Canada property, providing specific details of circumstances, etc. (For on-site Technicians only).

* Assist other Technicians by providing technical instruction. Coach and assist other Technicians with difficult repairs.

* Work in compliance with all laws and regulations and attend or complete all required health and safety training, report all accidents and take every precaution reasonable to ensure personal safety and the safety of others. Perform other duties as required.

Qualifications

* 6 months of experience in a similar role

* Two year college education or relevant experience

* Must hold a valid refrigeration certificate (as required provincially)

* Valid gas license is an asset

* Demonstrated technical expertise in specified product lines, eg. All major appliances (including refrigeration). Natural gas is an asset.

* Demonstrated customer service skills and B2C Sales

* Demonstrated oral/written communication skills

* $ 40-60 per hour is based on an average of 6-7 completed service calls per day.

Sears Canada Inc. is committed to offering reasonable accommodations to job applicants with disabilities. If you require assistance or an accommodation due to disability, please contact us at apply@sears.ca

Options:",b08203e380e9a1f7fe29129ff2125a35
8483,Panera Bread Company,"Job Details

Job Title

Immediate Need for: Line Cook – Production Associate

Brand

Panera Bread

Location

Green Oaks Village Place Mall

9430 Village Place Blvd

Brighton, MI 48116

Description

Come Join Panera Bread – an industry leading, award winner!

We are growing — both as a Company and as Individuals!

We are shaping food culture within the restaurant industry through our pride and commitment to innovation and differentiation.

NOW HIRING

Line Cook – Production Associate

* Prepare menu items in a fast and accurate manner

* Contribute to a positive team-work environment

* Are committed to providing quality service

* Enjoys working behind the scenes

* Understands the value of providing true craftsmanship

We are very proud of the variety of awards that recognize our great food and our customers' satisfaction:

* Culinary / Operations, National Chain Winner – IFMA's COEX Innovation Awards

* Ranked #1 Attractive / Inviting Restaurant among Excellent Large Fast-Food Chains – Sandelman & Associates 2012 Quick-Track® Study

* Ranked #2 among Excellent Large Fast-Food Chains – Sandelman & Associates 2012 Quick-Track® Study

Additional benefits of joining:

* Competitive pay

* Variety of health and related benefits

* Paid vacation

* Product discounts

Requirements

* Some food service or retail experience preferred

* Minimum age – 16 years of age

* Must understand and practice basic food safety

Our bakery-cafes are focused on taking care of our guests. Please apply online and a Manager may be in touch if an opportunity matching your qualifications becomes available.

Panera Bread is an Equal Opportunity Employer.",b085183d7e59c88ff144498040e50b71
4899,CGI Inc,"CGI has been delivering mission-essential results in partnership with defense, civilian and intelligence agencies since 1976. CGI is seeking to hire a Lead Systems Analyst/Tester. The candidate will provide a wide range of analytical and testing support including documenting client requirements, creating design mock ups, developing test cases, testing system functionality, participating in client feedback and planning sessions and capturing meeting notes.

Your future duties and responsibilities:

The Lead Systems Analyst/Tester will be integrated with the Development team and will be provided the opportunity to develop a knowledge base and apply acquired skills to various analytical and testing activities:

* Document client requirements and update project documentation accordingly

* Coordinate with Development team on technical feasibility of design concepts and develop detailed system designs

* Create system test cases aligned with developed requirements and design documentation

* Perform system level integration testing of requirements and report identified defects

* Update system help content and video simulations

* Document client feedback and incorporate into project documentation

* Capture meeting minutes during client meetings to be formally delivered

* Utilize project standardization tools including SharePoint and TeamForge

* Assist in creating and delivering contract deliverables

* Schedule and facilitate client and internal team meetings

Required qualifications to be successful in this role:

* Experience in Software Development Life Cycle (SDLC) processes

* Experience with Microsoft Office Tools such as Word, Excel, PowerPoint, Visio, SharePoint and Project

* Working with end user groups to evaluate and solve technical problems

* Strong organizational skills and ability to balance competing priorities

* Ability to work in a fast paced environment, self motivated, and willing to take on ownership and responsibility for assignments

* Ability to work independently and in a team setting

* Detail and results oriented

* Excellent oral, written and documentation skills

What you can expect from us:

At CGI, were a team of builders. We call our employees members because all who join CGI are building their own company - one that has grown to 65,000 professionals located in 40 countries. Founded in 1976, CGI is a leading IT and business process services firm committed to helping clients succeed. We have the global resources, expertise, stability and dedicated professionals needed to achieve results for our clients - and for our members. Come grow with us. Learn more at www.cgi.com.

This is a great opportunity to join a winning team. CGI offers a competitive compensation package with opportunities for growth and professional development. Benefits for full-time, permanent members start on the first day of employment and include a paid time-off program and profit participation and stock purchase plans.

We wish to thank all applicants for their interest and effort in applying for this position, however, only candidates selected for interviews will be contacted.

No unsolicited agency referrals please.

All CGI offers of employment in the U.S. are contingent upon the ability to successfully complete a background investigation. Background investigation components can vary depending upon specific assignment, or upon any US government security clearance if required. Qualified applicants will receive consideration for employment without regard to their race, color, religion, sex, gender Identity, sexual orientation, national origin, age, disability, veteran status, pregnancy, or other status protected by law. CGI will not discharge or in any other manner discriminate against employees or applicants because they have inquired about, discussed, or disclosed their own pay or the pay of another employee or applicant. However, employees who have access to the compensation information of other employees or applicants as a part of their essential job functions cannot disclose the pay of other employees or applicants to individuals who do not otherwise have access to compensation information, unless the disclosure is (a) in response to a formal complaint or charge, (b) in furtherance of an investigation, proceeding, hearing, or action, including an investigation conducted by the employer, or (c) consistent with CGIs legal duty to furnish information.",b0924cf9327ef333716677bfdef3bc25
39823,Department Of Transportation,"About the Agency

Business Component:

FAA Aeronautical Center Region, Air Traffic Organization, Flight Program Operations, Aircraft Operations Group, AJW-3300

Duties

The incumbent applies in-depth technical knowledge of NAS equipment, systems, processes and procedures to support NextGen efforts to develop complex automation, surveillance, navigation and communication systems, avionics, and associated procedures by providing airborne laboratory services. The incumbent directs the in-flight evaluation and certification of navigational aids and instrument flight procedures in support of the National Airspace System (NAS), Department of Defense (DOD) and privately owned facilities.

The incumbent serves as the Director of Operations for the 14 CFR Part 135 Air Operator Certificate and meets the qualifications in 14 CFR 119.67(a). Ensures compliance with applicable CFR parts, ICAO directives; national and international requirements, and other established policies and procedures. Exercises operational control for flight operations in FAA-owned and exclusive-use leased aircraft. The incumbent may participate in the Agency's Flight Program, when qualified and assigned, serves as a flight crewmember. If the incumbent participates in the Agency's Flight Program, the incumbent will maintain a Class I medical certificate.

The incumbent serves as the expert and focal point for the development and distribution of aircraft flight publications for all aircrew and aircraft fleets by applying knowledge of FAA flight program operations and experience as a pilot. The incumbent develops, administers and conducts technical training for flight operation missions and oversees qualification and evaluation for all flight activities. Utilizing experience and applied knowledge conducting technical training for flight operations, the incumbent manages mission qualifications and evaluations for all flight activities.

The incumbent applies skill, expertise and experience applying project/program management principles to direct and manage the crewmember records system and to ensure that pilot flight crewmember testing and checking is conducted as required by the Code of Federal Regulations. This includes knowledge tests, competency checks, instrument proficiency checks and line checks. Using experience conducting technical training for flight operations, the incumbent manages mission qualifications and evaluations for all flight activities.

Using experience managing a complex technically-oriented aviation organization, such as in a federal agency, or component thereof, or a component within the aviation or aerospace industry, the incumbent exercises the full range of supervisory responsibilities over a large staff of geographically dispersed employees through numerous K Band level Managers. The incumbent demonstrates knowledge of management, and project/program principles by developing objectives for and aligning the work of subordinate technical organizations and organizational segments. Actively promotes, supports, and participates in the FAA's Equal Employment Opportunity and Diversity Programs.

The incumbent interacts and works with other executive and senior officials throughout the Air Traffic Organization (ATO), other lines of business and staff offices within the Federal Aviation Administration (FAA), the Department of Transportation (DOT), the Department of Defense, and the aviation industry. The incumbent represents the ATO and FAA at stakeholder meetings and ensures that program activities align with both long and short- term objectives of the Vice President, the ATO Chief Operating Officer and FAA.

Has the authority, within guidelines, to make commitments for the program, to establish new policies/procedures, and to make exceptions within the assigned area of responsibility. The incumbent of this position may require access to information classified up to and including SECRET since some information concerning location and navigational data is classified.

Relocation Authorized

* No",b099c96295494175cee0745c77367fbc
31679,Premium Retail Services Inc,"POSITION OPEN:

Assisted Sales Representative – Seasonal

EMPLOYEE TYPE:

Part-time

PROJECT DATES:

Phase I - 10/31 - 11/18 - 20-30 hours per week daytime and weekend flexible scheduling/mileage after 54 miles

Phase 2 - 11/19 - 12/31 dedicated store (11am - 5pm - Saturdays and Sundays Nov 19/20, Nov 26/27, Dec 3/4, Dec 10/11, Dec 17/18 (Dec 22/23 2pm - 8pm )(no Dec 24/25, but Dec 26/27 11am - 3pm)(final day Sat Dec 31 - 11am - 3pm))

POSITION DESCRIPTION:

* Brand Ambassador for Logitech, UE Boom, and JayBird products in multiple retail locations in assigned market.

* Increases client's sales and brand awareness by conducting training sessions and customer engagement promotions.

* Builds rapport with retail store associates and grows interest in our client's technologies and the differentiators.

* Ensures product look and display is consistent with protocol, samples work properly and overall appearance is above presentation standards of competitive product.

* Attends required training sessions on assigned products.

* May train and ensure retail sales associates' understanding of product, brand awareness, and brand image.

* Collects and reports information on competitive product offerings to management.

* Communicates via assigned methods (verbal, written, presentation) to management all assigned reports on position activities by assigned due dates.

* Completes and submits all required service reports and upload digital images to share with the client in a timely manner.

MINIMUM QUALIFICATIONS & EXPERIENCE:

* Must have an aptitude for consumer electronics or technology-related products with significant understanding of portable audio, Logitech, and JayBird products.

* Minimum of six months consumer electronic sales experience.

* Proven track record of making and maintaining great relationships with accounts.

* Strong presentation skills with small to large groups.

* Must be available to work during retail business hours Monday – Friday; weekend work will be necessary.

* Must have a home computer, printer, internet access, and Smartphone with picture taking capability.

* High School Degree or GED.

* Excellent communication skills required.

* Access to reliable transportation for travel within the assigned territory.

COMPANY:

Today's consumer has more buying choices than ever. Smart retailers and manufacturers need every edge to compete in today's marketplace. Premium Retail Services is that edge.

Premium acts as an extension of retailers and manufacturers in stores nationwide, ensuring shelves are stocked, product knowledge is conveyed, and technology is solving common retail challenges. And we've been doing it since 1985.

So no matter the product or category - from vitamins to video games - Premium provides the people, programs and technology to deliver.

Premium Retail Services. Results are in store.

PREMIUM CAREERS:

Retail experience? Check. An unbeatable work ethic? Check. A burning desire to be part of a team absolutely dedicated to delivering results for a who's who roster of clients? Check.

You might be Premium material.

Family owned and operated, Premium's strong and steady growth has made us an industry leader in retail merchandising, assisted sales, field marketing and retail technologies.

From our corporate headquarters in the suburbs of St. Louis to the thousands of Premium field representatives working in stores all across the country, the company offers exciting career opportunities in a variety of retail disciplines.

EQUAL OPPORTUNITY EMPLOYER | BACKGROUND CHECK REQUIRED | DRUG TEST REQUIRED | E-VERIFY EMPLOYER",b0a4327d89fda8b65d546fd411cf38de
11859,BlackRock Inc,"Business Unit Overview:

Investment Guidelines Compliance (IGC) is part of the Portfolio Compliance Group (PCG), which is a global team within Aladdin Portfolio Services (APS) – APS is one of the core functions within Business Operations at BlackRock.

The IGC team is responsible for implementing controls and processes to ensure compliance with all applicable regulatory and portfolio guidelines. The team fulfils this mission primarily by extracting, analysing, coding and monitoring client, regulatory and internal investment guidelines on the firm's Aladdin system. The team is engaged with and provides services to many other departments and functions across the firm, including: portfolio management, trading, client services, technology, legal and compliance, and operations.

Key Responsibilities:

The specific role will be based in Tokyo and will be primarily focused on the management of the Investment Guidelines activities for the Japan business – there will also be an opportunity to support other regions within APAC. This role will report to the IGC regional lead for APAC and provide oversight for the Japan Large Shareholders reporting as well. This role is critical in support of the global function.

* Management of 2 direct reports in Tokyo IGC

* Partner with peers globally in each of regional IGC teams

* Build working relationships across the global PCG function and stakeholders in the region

* Support manager with global initiatives

* Primary owner of IGC business as usual for the region, including:

* Monitoring of pre trade compliance

* Aged exceptions process for region

* Global operating event oversight

* Escalation and oversight of all on-boarding activities, new and change

* Process / system enhancements

* Support and implementation of regulatory change

* Approver of client certifications / attestations

* Projects lead, or member as required global

* Lead client due diligence, client pitches, and operational overview

* Oversight for the Japan Large shareholders reporting, including:

* Support for the disclosure reporting submission process

* Involvement in discussions with Tokyo business partners (e.g. L&C)

Development Value:

* Exposure to multiple business groups and investment products across BlackRock globally, with primary focus on Japan and other countries in APAC

* Daily interaction with key business partners such as portfolio management, trading, client service, legal and compliance, and operations professionals

* Opportunity to take responsibility and ownership for both individual projects and team goals

* Visibility in being a service champion for PCG with both internal and external clients

* Service champion for both Business Operations and APS

* Growth and development within a truly global team and firm

Knowledge/Experience:

* Significant operational experience

* Multiple years of experience in managing and leading teams

* Experience of successfully leading projects

* Client centric with a deep understanding of client intent

* Comfortable working across multiple functions, geographies and stakeholders with maturity and judgement

* Good knowledge of the Aladdin platform

* Drive, high energy and sense of urgency

* Proven track record of people development

Skills/Qualifications:

* Strong knowledge of the Aladdin platform

* Experienced people manager with a strong financial background

* Although not required, knowledge of programming languages (such as Visual Basic, C , or Java) and an understanding of relational database concepts (including SQL) are beneficial

* Native in Japanese and fluent in English

Competencies:

* Strong communication skills in both Japanese and English

* Ability to self-manage workloads and work to deadlines

* Strong team player

* Analytical mind and approach

* Attention to detail

* Pro-active approach to issue resolution

* Ability to recognize individual and team objectives and goals

BlackRock is proud to be an Equal Opportunity and Affirmative Action Employer. We evaluate qualified applicants without regard to race, color, national origin, religion, sex, disability, veteran status, and other statuses protected by law.",b0db58e3a65d6af2d4755b049529142b
39880,Wells Fargo & Co,"Job Description

At Wells Fargo, our vision is to satisfy our customers' financial needs and help them succeed financially. In this role, you will help us deliver on our vision and build lifelong relationships with our customers. You also will demonstrate leadership through contributing to a company culture that supports customers in achieving their financial goals, team members in developing their careers, and communities in continuing to thrive. As part of a team that serves one in three American households, you will play a vital role in living our commitment to the highest ethical standards and maintaining the valued trust of our customers and communities.

A Lead Teller spends almost all of his or her time working with Wells Fargo's most important asset, our customers. Lead Tellers are able to juggle a variety of tasks including exercising excellent customer service in all customer interactions, managing and resolving customer concerns, following procedures to minimize errors and manage risk on behalf of our customers, while providing information on new products and services. Lead Tellers work under limited supervision, assist with work flow to ensure Tellers are successful, consistently balance their cash daily, have great rapport with people, meet their performance goals, and enjoy helping others all while maintaining ethics, integrity, and embracing diversity.

Important Note: During the application process, ensure your contact information (email and phone number) is up to date and upload your current resume prior to submitting your application for consideration. If you are a Wells Fargo Team Member, in your Jobs Profile ensure that your email address is valid and updated to an address that can receive external emails outside of the banking network. Initial contact with you will be made via e-mail. Please check your e-mail regularly for updates.

Normal work schedules typically fall between 7AM - 6PM. The schedule(s) for this position is not set and may change based on business need.

Required Qualifications

* 1+ year of experience assessing and meeting the needs of customers and/or solving customer problems

* 1+ year of retail experience independently following policies and procedures

* 1+ year of handling cash experience

* 1+ year of interacting directly with customers or customer service experience; or a combination of both

* 1+ year of sales experience

* 1+ year of experience working in a team environment

Desired Qualifications

* Good communication skills including speaking clearly, succinctly, and accurately while using a pleasant tone and common conversational courtesies

* Experience meeting customer service goals

* Experience meeting sales goals or quotas

* Experience identifying additional opportunities to sell products and services to customers

* Experience achieving individual and team goals

* Coaching experience in a customer service/sales environment

* Good attention to detail and accuracy skills

* Experience interacting positively with unsatisfied customers

* Effective organizational, multi tasking, and prioritizing skills

* Basic Microsoft Office (Word, Excel, and Outlook) skills

* Ability to navigate multiple computer systems, applications, and utilize search tools to find information

* Ability to work in a fast-paced deadline driven environment

* Knowledge and understanding of cash handling and balancing practices

* Teller experience

Job Expectations

* Ability to work nights, weekends, and/or holidays as needed or scheduled

Street Address

FL-Saint Petersburg: 400 Corey Ave - Saint Petersburg, FL

Disclaimer

All offers for employment with Wells Fargo are contingent upon the candidate having successfully completed a criminal background check. Wells Fargo will consider qualified candidates with criminal histories in a manner consistent with the requirements of applicable local, state and Federal law, including Section 19 of the Federal Deposit Insurance Act.Relevant military experience is considered for veterans and transitioning service men and women.Wells Fargo is an Affirmative Action and Equal Opportunity Employer, Minority/Female/Disabled/Veteran/Gender Identity/Sexual Orientation.",b0eb5b5b2f6ef1c47adbe26a8acbac36
31756,Firestone Complete Auto Care,"Overview:

We Promise to Care

We understand that we offer more than just car service. We rescue people from bad days and we offer solutions for difficult situations. We are people of integrity and we believe that fundamental honesty is the keystone of our business. We are committed to doing the hard work necessary to earn the loyalty of our teammates and our customers by providing a positive experience every time. We are proud and passionate to represent the brand of Bridgestone. Every day, in every store, with every teammate and every customer….We promise to care!

Our Purpose: To be the most trusted provider of automotive care in every neighborhood we serve.

Bridgestone Retail Operations, LLC employs over 22,000 teammates in North America and operates more than 2,200 company-owned stores. Our locations include Firestone Complete Auto Care, Tires Plus, and Wheel Works.

Apply today to learn more about why Bridgestone Retail Operations is the right place to build your career!

Responsibilities:

Bridgestone Retail Operations is seeking experienced Technicians who can handle and fix complex automotive issues for our customer. In fact, the more complex the issue the better for someone like you. Your experience fixing A/C and brakes and suspension systems aligns nicely with our work and your extensive knowledge about engines is what will help to continue to drive customers into our stores. At BSRO we have great opportunities for you to service the widest variety of cars and can provide you top of the line equipment, and best-in-class educational opportunities in the industry. If you're looking to be the best in the business join our team!

Job Responsibilities

* Diagnose and repair to specifications – brake and hydraulic, exhaust, primary and/or advanced fuel ignition and electrical, suspension and alignment, air conditioning and computer systems.

* Adequately explain technical diagnoses and needed repairs to non-mechanical individuals which may include employees and customers on an as-required basis.

* Continuously learn new technical information and techniques in formal training sessions in order to stay abreast with rapidly changing automotive technology.

* Assist fellow technicians/mechanics in performing technical activities.

* Keep store management aware of mechanical repair problems as they occur.

* Maintain an organized and neat bay.

* Adhere to all company policy, procedure, safety and environmental rules.

Qualifications:

Qualifications

This position is a leader in the shop. We expect you to help set the pace and tone while helping to develop the team around you. Collaboration and a team first mentality are a must if you are looking for success in this role. In addition we require the following for you to be qualified for this role:

* At least 2-3 years of strong automotive mechanical diagnosis, problem-solving and repair experience.

* 3 ASE certifications are required for this position.

* You'll also need a high level of motivation, energy and a customer-focused attitude.

* Must have a valid driver's license.

* Pre-employment drug test/physical/ background check will help assure we build teams of people who can best work with others and serve customer needs.

If you meet the qualifications listed above, possess a can do attitude and have a desire to progress in your career with the automotive service industry leader who puts their mechanics / auto technicians first, please apply today!

Benefits, Privileges and Growth Opportunities

* We offer over 31 Benefits and Privileges to include medical, dental, vision, 401k, cash balance retirement plan and more.

* We are An Equal Opportunity Affirmative Action Employer, in fact, ""One of our strengths is found in our commitment to serve a diverse customer population with diverse teams of teammates.""

* Over 100 years of success is an indication of the stability our workforce enjoys.

Apply/Socialize Options:",b0ecd00e447f4a2fab9d4f36983684c8
31756,Firestone Complete Auto Care,"Overview:

We Promise to Care

We understand that we offer more than just car service. We rescue people from bad days and we offer solutions for difficult situations. We are people of integrity and we believe that fundamental honesty is the keystone of our business. We are committed to doing the hard work necessary to earn the loyalty of our teammates and our customers by providing a positive experience every time. We are proud and passionate to represent the brand of Bridgestone. Every day, in every store, with every teammate and every customer….We promise to care!

Our Purpose: To be the most trusted provider of automotive care in every neighborhood we serve.

Bridgestone Retail Operations, LLC employs over 22,000 teammates in North America and operates more than 2,200 company-owned stores. Our locations include Firestone Complete Auto Care, Tires Plus, and Wheel Works.

Apply today to learn more about why Bridgestone Retail Operations is the right place to build your career!

Responsibilities:

Are you a problem solver? Have you worked hard to build your automotive experience, education and industry knowledge? You've passed the tests, now it is time to put those skills to work! At Bridgestone we offer the most competitive development program in the industry designed with one thing in mind…YOU! Whether it's the opportunity to work with the widest variety of vehicles, the newest equipment, or leverage our comprehensive ASE certification and training program you'll have no trouble finding something to love about growing your career with Bridgestone Retail Operations. Come serve our customer, aka the BOSS, today!

Job Responsibilities

* Diagnose and repair to specifications – brake and hydraulic, exhaust, primary and/or advanced fuel ignition and electrical, suspension and alignment.

* Adequately explain technical diagnoses and needed repairs to non-mechanical individuals which may include employees and customers on an as-required basis.

* Continuously learn new technical information and techniques in formal training sessions in order to stay abreast with rapidly changing automotive technology.

* Assist fellow technicians/mechanics in performing technical activities.

* Keep store management aware of mechanical repair problems as they occur.

* Maintain an organized and neat bay.

* Adhere to all company policy, procedure, safety and environmental rules.

Qualifications:

* A High School Diploma or GED

* At least 2-3 years of strong automotive mechanical diagnosis, problem-solving and repair experience.

* At least 1 ASE certification is required for this position.

* You'll also need a high level of motivation, energy and a customer-focused attitude.

* Must have a valid driver's license.

* Pre-employment drug test/physical/ background check will help assure we build teams of people who can best work with others and serve customer needs.

If you meet the qualifications listed above, possess a can do attitude and have a desire to progress in your career with the automotive service industry leader who puts their mechanics / auto technicians first, please apply today!

Benefits, Privileges and Growth Opportunities

* We offer over 31 Benefits and Privileges to include medical, dental, vision, 401k, cash balance retirement plan and more.

* We are An Equal Opportunity Affirmative Action Employer.

* One of our strengths is found in our commitment to serve a diverse customer population with diverse teams of teammates.

* Over 100 years of success is an indication of the stability our workforce enjoys.

Apply/Socialize Options:",b0ecdbb1e14028f553cc596d9854ce39
6101,"Omnicare, Inc","Overview

* Coordinates pharmaceutical services within a long term care facility (facility), in collaboration with facility leadership and staff;

* Guides development and evaluation of pharmaceutical services procedures within the facility, in collaboration with facility leadership and staff;

* Assists the facility identify, evaluate, and address/resolve pharmacy-related concerns and issues that affect resident care, medical care, quality of life, and/or regulatory compliance.

Responsibilities

* Perform Medication Regimen Reviews (MRR), as required by regulation or contract for facility type, and provide written reports of these reviews to applicable facility staff preferably upon exit but within 3 business days after each month's consulting has been completed;

* Spend an appropriate amount of time on each resident's review as defined by their clinical needs;

* Use OSC2OR software on-site to generate MRR, including therapeutic interchange and Omnicare clinical program-related, recommendations and documents responses to previous recommendations;

* Transmit all OSC2OR data to Omnicare's ORS database at the end of business each day per air-card policy;

* Utilize MDS 3.0 to identify specific residents needing targeted focus(es);

* Complete the ""Quality Improvement: Consultant Pharmacist Summary Report"" for all applicable facilities, and transmit this and the ""Summary for Consultant Services"" after each month's consulting has been completed;

* Check and respond to Omnicare email daily;

* Educate facility staff, including the Director of Nursing, Medical Director and Administrator when new therapeutic interchange programs are implemented and perform specific functions required of therapeutic interchange programs conducted by Consultant Pharmacist, as assigned;

* Participate in facility clinical meetings, as required by contract, or as feasible under the 1B Consultant Pharmacists Contract addendum when agreed upon by the facility ;

* Provide quarterly reports reflecting facility-level drug utilization and clinical management trends, with corresponding recommendations to improve clinical care delivered and potential savings using preferred drug management and formulary compliance.

* Meet with facility Medical Director and other key prescribers as warranted;

* Provide medication-related education;

* Attend quarterly facility Quality Assurance Committee meeting and provide written reports regarding the status of the facility's pharmaceutical services, therapeutic interchange cost savings report and staff performance;

* Assist the facility in developing and implementing policies and procedures to ensure compliance with federal and state regulations related to ordering, storage, handling, labeling, destruction and administration of drugs and biologicals;

* Assist the facility in establishing a procedure to perform MRR on residents who are anticipated to stay in the facility less than 30 days, or who experience an ""acute"" change of condition, as identified by facility staff;

* Escalate unresolved issues as necessary or required by protocol, based on the response or lack thereof to previous Consultant Pharmacist recommendations and subsequent follow-up by the facility;

* Evaluate facility documentation related to behavior and adverse effect monitoring for medications;

* Evaluate appropriate utilization and documentation of non-pharmacological interventions, either instead of, or in conjunction with, appropriate medication therapy;

* Coordinate or perform review of, using representative sampling, medication storage and labeling in common storage areas (medication carts, medication refrigerators, medication rooms);

* Coordinate or perform review of controlled substance utilization, reconciliation and documentation;

* Coordinate or perform review of medications stored in facility Emergency Drug Supply or 'Starter Box"", which would include review for outdated medications and a continual review of contents with facility management for appropriateness;

* Conduct an entrance conference upon arrival to the facility and an exit conference when the consultant pharmacist services are completed for that month with thw Administrator and/or Director of Nursing;

* Provide assistance (by telephone if necessary) with issues or questions that arise either prior to or on the day of any survey of the facility;

* Maintain competency in Omniview, OCR Clinical, and CMS websites that provide quality data on nursing homes;

* Complete all training and educational programs within the specified time period, as assigned;

* Maintain thorough understanding of all updates to the Geriatric Pharmaceutical Care Guideline® initiatives, formulary initiatives, and Omnicare clinical programs;

* Supervise field technicians and other extenders, as appropriate;

* Complete all other duties as assigned by their Clinical Manager, in a timely fashion.

* Follow all applicable government regulations including HIPAA.

* Display behavior which exemplifies employee code of conduct guidelines.

Supervisory Responsibilities: Field technicians and other clinical extenders, as appropriate.

Qualifications

Knowledge/Skills:

* B.S. in Pharmacy or PharmD degree with additional knowledge and/or Certification in geriatrics and/or gerontology

* Excellent clinical , organization, interpersonal and communication skills

* Thorough knowledge and understanding of the all applicable nursing home regulations and guidance

* Proficiency in word processing, spreadsheets, and graphics software

* Current pharmacy license in state(s) in which Pharmacy practice conducted

* Commitment to provide high-quality pharmaceutical care

* Ability to work independently

* Professional demeanor

* Signed non-compete, non-solicitation, non-disclosure agreement prior to employment

Preferred Experience:

* 2-3 years experience in a clinical pharmacy practice with at least one year of long term care pharmacy practice preferred

Equal Opportunity Employer: Omnicare is fully committed to employing a diverse workforce. We recruit and retain talented individuals without regard to gender, race, age, marital status, disability, veteran status, sexual orientation and gender identity or any other status protected by federal, state or local law. Omnicare is an Equal Employment Opportunity and Affirmative Action Employer.

EO/Minorities/Females/Disabled/Veterans

Business Overview

Omnicare, Inc. is a wholly owned subsidiary of CVS Health Corporation. www.cvshealth.com

What We Do

Directly, and through our subsidiaries, Omnicare provides a broad array of pharmacy-related services to long term care facilities and to other customers in the health care environment. While senior care has long been an Omnicare specialty, we also serve other targeted populations.

Commitment at Every Level

A large part of Omnicare's success derives from a commitment, at every level, to the welfare of each individual we serve. Each day, our employees consider how their work can improve the quality of life of residents and patients. Omnicare is truly a health care company, working to improve the health and quality of life for everyone we touch.

Options",b0f6cacd4968ada06058f67a9bd0330e
10869,The Gap Inc,"Old Navy makes current American fashion essentials accessible to every family. From day one, Old Navy was a revolution. We were something the world had never seen - fabulous, affordable fashion. We didn't take ourselves too seriously, and we broke the industry's rules. What we believe in today is exactly what we believed in when we started: we're on a mission to democratize fashion and make shopping fun again. We opened our first store in 1994 in San Francisco and have been on a roll ever since. Today, customers can find their must-have fashion essentials online as well as in one of our 1,000+ stores located globally.

As part of the Field organization, you make the brand come to life for our customers. Our stores are fast paced, fun, diverse and full of passionate people who love fashion. The Field offers endless opportunities to grow your career and be a leader – of your peers, of teams, of a business, and in the community.

Old Navy – a brand for everyone, a place for you!

Job Summary:

As the Business and Training Specialist, you drive profitable sales by executing the hiring plans created by the Business Operations Manager and General Manager, ensuring all Brand Associates are effectively trained on Old Navy Standards, product knowledge, and all company programs and initiatives. You play a critical role in ensuring the overall effectiveness of the store's training needs and easily flex based on the unique needs of the store. You support strategies that prepare your teams for peak business and proactively address concerns that impact store schedules, staffing needs or the general welfare of your teams. As a member of the store leadership team, you help ensure profitability by meeting supply and facilities budgets.

As an Old Navy leader, your first priority is to contribute to the success of your store. This means that you not only deliver in your role as the Business and Training Specialist, but you also model leadership behaviors and deliver as a manager on duty. As the Manager on Duty, you deliver results during your assigned time, drive key performance indicators and brand loyalty by leading through your team. You make decisions and collaborate with other members of your store leadership team to prioritize work based on business needs and company direction.

Key Competencies:

* Functional and Technical Skills

* Learning Agility

* Informing

* Timely Decision Making

* Organizing

Note: This position description indicates the general nature and levels of work, knowledge, skills, abilities and other essential functions expected for the aforementioned position. It is not designed to cover or contain a comprehensive listing of activities, duties or responsibilities required.

Qualifications:

* Must be at least 18 years of age

* College degree or equivalent work experience preferred

* 1-3 years of retail management experience preferred

* Ability to effectively communicate with customers and employees

* Ability to maneuver around sales floor, stock room, work with and around cleaning chemicals, and lift/carry up to 50 lbs.

* Ability to work a flexible schedule (including travel) to meet the needs of the business, including evenings, overnight and weekend shifts

Apply

Prepare Before You Apply Now",b0875915621c4c096674ac7b9ebfd032
22453,Nexius,"Job Description

Who We Are:

We are Nexius, and we're using the power of curiosity, excitement and intelligence to shape the future of communications. Every day, our talented team members are working with communications providers in 25 countries, designing and building their networks to accommodate new customers and new services, and providing strategic services and business intelligence to help them make smart decisions that keep their businesses competitive and growing.

Network operators partner with our Network Deployment group for its continuous, ahead-of-the-curve innovation, and progressive approach to building networks that advance schedules, reduce costs, and increase quality of service. Our delivery teams leverage state-of-the-art software and automation tools, such as AccuV, providing unequaled consistency, accuracy, and visibility.

Who We're Looking For:

Nexius is currently hiring an OSP Field Engineer in the Atlanta, GA Area.

What You'll Do:

* Creation and submission of Field Notes and instructions to construction personnel in the build-out of fiber optic outside plant facilities/network to include OSP underground or aerial path and ISP within customer premises.

* Create the detailed design and Field Notes for fiber cable and associated infrastructure in deployments aerial or underground fiber to homes, business, multi-dwelling units and network access points.

* Create / update fiber details in GIS software system which may include BOM, engineering codes used by customer/carriers and the creation of drawings, elevations, and diagrams used by construction personnel.

* Use high-level planning objectives and standards and produce work orders, job prints/maps, materials list, permit applications and method of procedure documentation for the procurement and construction of outside plant fiber optic networks.

* Create and file permits, attachment requests/updates, call before you dig notifications and other local permit/franchise documentation as required.

* Coordinate as needed to facilitate transmission engineering, maintenance and repair activities.

* Coach and train other engineers.

* Interface with and respond to customer, field and construction inquiries and change requests, and completion of as-built documentation.

Qualifications

The Skills and Background You'll Bring:

* Telecommunications Outside Plant Design, Engineering and Construction experience. Must have a full understanding of outside plant installation and maintenance technician activities as well as customer

* Experience and understanding of GIS software with an emphasis on outside plant telecommunications systems.

* Great communication skills and fresh perspectives

* Lives or wants to live in the Atlanta, GA Metro Area

* Enjoys working with a great team of internal and external customers

* Seeks to find solutions prior to presenting problems

* Combines proven technical skills with strong interpersonal and problem-solving skills to successfully deliver over the course of the deployment cycle

* Uses a strong work ethic to navigate a variety of daily responsibilities

* Has a persistent, will do what it takes to get it done, attitude

* Understands the importance of responsiveness and is accountable to that standard

* Is a progressive thinker with an entrepreneurial spirit

* Wants to help us deliver innovative end-to-end technology services worldwide

* Project Management and issue resolution.

* Knowledge of NEC Codes

* Knowledge of Building infrastructure. (fire rated and load bearing walls)

* Experience with CAD software applications for engineering design, workflow and order management.

* Familiarity with Rural Utilities Service (RUS) specification of units of work, specifically 515a-d.

* Experience with various fiber cable technologies, including blown fiber, Corning Flex-Nap, and various PON solutions and architectures.

* Experience with fiber optic testing standards, equipment and processes.

* Experience with Aerial and Underground fiber cable design.

* Availability for routine travel to local job sites for field engineering, site survey and auditing purposes.

* Ability to periodically travel to company, customer and construction sites within the USA.

* Periodic air travel will be required

Please Note: This job description is not intended to be a complete list of all responsibilities, duties or skills and due to the changing nature of the job is subject to review and change at any time, with or without notice. This position is exempt based on the FLSA laws. Nexius uses E-verify and third party background check services during the hiring process.

* LI-RC1

Additional Information",b08ea37d42ee9bf3c03ceb324215d8a4
36255,U.S. Department of Veterans Affairs,"Human Resources Specialist

Topeka, KS

Duties:

The primary purpose of the position is to assist in providing recruitment, staffing, and placement services for VHA, Chief Business Office and other organizations contracting HR Services from CBO, Workforce Management - Human Resources in Topeka, Kansas. Major duties performed will include, but are not limited to:

+Performing work associated with internal and external recruitment and placement actions.

+Responding to requests for technical advisory services on merit promotion, recruitment, and position management.

+Facilitates development of job analysis and dual assessment.

+Working with managers to develop recruitment strategies.

+Evaluating applications for eligibility, time-in-grade, time-after-competitive appointment, and basic qualifications.

+Interact with customers in courteous, tactful, and respectful manner.

+Referring eligible candidates to selecting official; extending job offers; negotiating entry-on-duty (EOD) dates; and processing personnel actions.

+Mentoring junior staff and providing technical guidance in the performance of their duties.

Work Schedule: Monday through Friday, an eight (8) hour shift will be established between hours 7:00am-5:00pm based on organizational needs.

Position Description Title/PD#:Â Human Resources Specialist/PD#00551A/ 05532A

Relocation Expenses: Relocation expenses are not authorized for this position.

Promotion Potential: The selectee may be promoted to the full performance level without further competition when all regulatory, qualification, and performance requirements are met.Â Selection at a lower grade level does not guarantee promotion to the full performance level.

* Summary

* Our mission: To fulfill President Lincoln's promise ""To care for him who shall have borne the battle, and for his widow, and his orphan"" by serving and honoring the men and women who are America's Veterans.

YOU CAN MAKE A DIFFERENCE

As a VA professional, your opportunities are endless. With many openings in the multiple functions of VA, you will have a wide range of opportunities and leadership positions at your fingertips. Not only is it the largest, most technologically advanced integrated health care system in the Nation, but we also provide many other services to Veterans through the Benefits Administration and National Cemeteries.

Special Employment Consideration: VA encourages persons with disabilities to apply, including those eligible for hiring under 5 CFR 213.3102(u), Schedule A, Appointment of persons with disabilities [i.e., intellectual disabilities, severe physical disabilities, or psychiatric disabilities], and/or Disabled veterans with a compensable service-connected disability of 30% or more . Contact CBOWFMNonComp@va.gov for information on how to apply under Special Employment Consideration.

For more information on the ""Who may apply"" eligibility requirements, please refer to the OHRM Status Candidates and Other Candidate Definitions document

* Qualifications & Evaluations

* To qualify for this position, applicants must meet all the requirements by Thursday, October 20, 2016

TIME-IN-GRADE RESTRICTION GS-09: Applicants who are current Federal employees and have held a GS grade position any time within the past 52 weeks must meet the time-in-grade requirements (a minimum of 52 weeks in positions no lower than GS-07).

TIME-IN-GRADE RESTRICTION GS-11: Applicants who are current Federal employees and have held a GS grade position any time within the past 52 weeks must meet the time-in-grade requirements (a minimum of 52 weeks in positions no lower than GS-09).

Specialized Experience GS-09 level: Applicants must have at least one (1) year of specialized experience equivalent to at least the next lower grade (GS-07) in the normal line of progression for the occupation in the organization. Examples of specialized experience includes:

+Evaluates applications to determine eligibility and qualifications.+Utilizes automated staffing and database programs to create announcements+Follows all staffing regulations, policies and laws including, the Code of Federal Regulations, and the United States Code.+Assists junior staff in meeting timelines and providing accurate consultation to customers on a wide array of federal recruitment, placement and personnel actions.+Assists with timely resolution of difficult or controversial internal and external staffing issues.+Provides accurate and timely consultation to managers regarding recruitment strategies, posting announcements and processing appointments+Provides outstanding customer service to internal and external customers at all times.

OR

Applicants may substitute education for the specialized experience required for the GS-09 level. The education must be at the graduate level in an accredited college or university and be a master's or equivalent graduate degree or 2 full years of progressively higher level graduate education leading to such a degree or LL.B. or J.D., if related. Such education must demonstrate the knowledge, skills, and abilities necessary to do the work.

OR

Applicants may also combine education and experience to qualify at the GS-09 level. To calculate, first identify the percentage of required education you have earned. Then identify the percentage of required specialized experience that you possess. Add the two percentages. The total percentage must equal at least 100 percent to qualify at the GS-09. For example, an applicant who has 1 year of graduate level education (One year of full-time graduate education is considered to be 18 semester hours to satisfy the 1 year of full-time study requirement and is considered 50% of graduate education required) and 6 months of specialized experience (50% of the specialized experience required).

Specialized Experience GS-11 level: Do you possess at least one (1) year of specialized experience that equipped you with the knowledge, skills and abilities to perform the duties that are related to this position? To be creditable, specialized experience must have been equivalent to at least GS-07 grade level to perform the duties of this position successfully. Specialized experience includes:

+Evaluates applications to determine eligibility and qualifications for complex or high level positions.

+Mentors junior staff in providing timely and accurate technical advice to managers and employees on a wide array of federal recruitment, placement and personnel actions.

+Performs appropriate regulatory, policy and procedural research to ensure accurate and timely advice is provided.

+Provides timely and accurate consultative services to managers involving recruitment strategies, merit promotions , competitive and non-competitive appointments, pay setting, and position management.

+Accurately interprets regulations and guidelines for specific cases or the applicability of precedent cases.

+Provides guidance to managers and support staff by utilizing appropriate federal policies, directives and regulations to resolve compound conflicts.

+Provides outstanding customer service to internal and external customers at all times

OR

SUBSTITUTION OF EDUCATION FOR EXPERIENCE, GS-11 (Transcripts Required): A Ph.D. or equivalent doctoral degree or three (3) full years of progressively higher-level graduate education in a major of study directly related to the Human Resources Specialist position.

COMBINING EDUCATION AND SPECIALIZED EXPERIENCE, GS-11 (Transcripts Required): Do you have a Ph.D. or equivalent doctoral degree or 3 full years of progressively higher level graduate education leading to such a degree or a LL.M and specialized experience at the GS-09 level directly related to the work of the HR Specialist position which may be used to meet the experience equivalent for GS-11 position? For example, an applicant with 9 months of appropriate specialized experience equivalent to GS-09 (75 percent of the experience requirement for GS-11) and 2 1/2 years of successfully completed graduate education. (50 percent of the required education, i.e. the applicant has 1/2 year of graduate study beyond that required for the GS-09), would exceed the total requirement and be qualified for the GS-11 position.

NOTE: Only education in excess of 2 full years of progressively higher-level doctoral degree may be used to qualify at the GS-11 level.

A transcript must be submitted with your application if you are basing all or part of your qualifications on education.

Additional information on the qualification requirements is outlined in the OPM Qualifications Standards Handbook of General Schedule Positions. It is available for your review on OPM's web site at http://www.opm.gov/qualifications/standards/indexes/alph-ndx.asp.

IN DESCRIBING YOUR EXPERIENCE, PLEASE BE CLEAR AND SPECIFIC. WE MAY NOT MAKE ASSUMPTIONS REGARDING YOUR EXPERIENCE.

* *Experience refers to paid and unpaid experience, including volunteer work done through National Service programs (e.g., Peace Corps, AmeriCorps) and other organizations (e.g., professional; philanthropic; religious; spiritual; community; student; social). Volunteer work helps build critical competencies, knowledge, and skills and can provide valuable training and experience that translates directly to paid employment. You will receive credit for all qualifying experience, including volunteer experience.

Physical Requirements for Position: The work is sedentary in nature. Some work may require walking offices and similar areas for meetings. Work may also require walking and standing in conjunction with travel to and attendance at meetings and conferences away from the worksite. Individual may have to carry light items.

Your rĂŠsumĂŠ and/or supporting documentation will be verified. Please follow all instructions carefully. Errors or omissions may affect your rating or consideration for employment.

You will be rated on the following competency factors base upon your application for this position:

1) Demonstrated ability to meet conflicting deadlines, manage multiple assignments, and work effectively under pressure in a human resources environment.

2) Applies complex, fact-finding, analytical research skills to solve human resources questions.

3) Demonstrated experience researching and Applying rules, regulations and procedures governing federal human resource programs.

4) Demonstrated skill in communicating effectively, using sensitivity and tact, with people from a wide variety of backgrounds and varying levels of understanding.

If you are referred for consideration, you may be asked to submit additional job related information, which may include, but not limited to; responses to the knowledge, skills and abilities; completion of a work sample, and/or contact for an interview.

* Benefits & Other Info

* VA offers a comprehensive benefits package. This link provides is an overview of the benefits currently offered: http://www.vacareers.va.gov/why-choose-va/benefits/index.asp.

VA supports the use of telework as a way to help attract and retain talented individuals in public service, increase worker productivity, and better prepare the agency to operate during emergencies. This position may be authorized for telework. Telework eligibility will be discussed during the interview process.

*",b09d1cae820a4239f8d27cff2094fa55
19995,Government of Florida,"OCCUPATION PROFILE JOB FAMILY: BUSINESS AND FINANCE OCCUPATIONAL GROUP: BUSINESS OPERATIONS OCCUPATION: MANAGEMENT ANALYSTS 13-1111 DESCRIPTION This is work conducting organizational studies and evaluations, designing office systems and procedures, conducting work simplifications and measurement studies, providing technical assistance and developing operations and procedures to assist organizations in operating more efficiently and effectively. May include program analysis, management consulting, and examination development. Some positions in this occupation may be responsible for coordinating work and supervising employees. EXAMPLES OF WORK Supervises employees by assigning work, reviewing progress and assessing performance. Reviews programs, services, forms and reports, and confers with management and users to identify problems and improvements. Develops and implements records management program and assures compliance with program. Interviews personnel and conducts on-site observation to ascertain unit functions, work performed, and methods, equipment, and personnel used. Prepares manuals and trains workers in use of new forms, reports, procedures or equipment, according to organizational policy. Develops and administers practical and written licensure examinations, and interprets examination statistics. Designs, evaluates, recommends, and approves changes based on need and analysis. Researches and recommends purchases to management. Provides technical assistance, consultative services and direction for development, implementation, evaluation and expansion of programs of service in public agencies and local governments. Plans, coordinates and/or presents statewide and regional conferences, meetings and workshops. Reviews, analyzes, and researches legislative issues and prepares analysis of the projected effect of any proposed legislation or action. Develops and monitors compliance policies and procedures for the administration of federal grant funds or other trust fund monies. Prepares and compiles data for legislative budget requests and long range program plans. Reviews documents and/or contacts appropriate parties to ensure compliance with applicable statutory and regulatory requirements and court orders. Monitors dispute settlement programs, approves claims, and confirms the disposition of awards, settlements and other agreements. Plans and conducts studies of problems and procedures. Gathers and organizes information on problems or procedures. Analyzes data gathered and develops solutions or alternative methods of proceeding. Documents findings of study and prepares recommendations for implementation of new systems, procedures, or organizational changes. Confers with personnel concerned to ensure successful functioning of newly implemented systems or procedures. Consults with federal, state and local officials on matters applicable to the assigned area of specialization. Analyzes financial information. Interprets laws, rules, policies and/or regulations. EXAMPLES OF JOB CHARACTERISTICS Provide Consultation and Advice to Others Providing consultation and expert advice to management or other groups on technical, systems-related, or process related topics. Communicating With Other Workers Providing information to supervisors, fellow workers, and subordinates. This information can be exchanged face-to-face, in writing, or via telephone or electronic transfer. Getting Information Needed to Do the Job Observing, receiving, and otherwise obtaining information from all relevant sources. Implementing Ideas, Programs, etc. Conducting or carrying out work procedures and activities in accord with one's own ideas or information provided through directions/instructions for purposes of installing, modifying, preparing, delivering, constructing, integrating, finishing, or completing programs, systems, structures, or products. Analyzing Data or Information Identifying underlying principles, reasons, or facts by breaking down information or data into separate parts. Making Decisions and Solving Problems Combining, evaluating, and reasoning with information and data to make decisions and solve problems. These processes involve making Decisions about the relative importance of information and choosing the best solution. Organizing, Planning, and Prioritizing Developing plans to accomplish work, and prioritizing and organizing one's own work. Monitor Processes, Materials, Surroundings Monitoring and reviewing information from materials, events, or the environment, often to detect problems or to find out when things are finished. Identifying Objects, Actions, and Events Identifying information received by making estimates or categorizations, recognizing differences or similarities, or sensing changes in circumstances or events. Developing Objectives and Strategies Establishing long-range objectives and specifying the strategies and actions to achieve these objectives.",b0da62161caa931a065101451982c93a
29195,Academy Sports & Outdoors Inc,"Primary Objective: Drives customer service through the integrity of merchandizing and accuracy of store pricing and signage.

* Executes planogram, pricing and signage as part of weekly Merchandising and Marketing plans to provide exceptional customer experiences.

* Accurately and completely executes daily, weekly and monthly price changes on time as scheduled

* Executes and audits store signage, displays and other visual merchandising elements according to company standards

* Provides continual feedback on processes and procedures. Suggests methods to improve operations, efficiency and service to both internal and external customers.

* Completes tasks as delegated by Senior Team Lead and/or Manager

* Required to learn company policies and procedures

* Required to learn company safety rules

Duties may change and associates may be required to perform other duties as assigned.

* At least one year of retail experience in a complex, large format store

* High School diploma or GED required

* Regular attendance required

* Ability to execute multiple projects at one time

* Detail oriented with exceptional organizational skills

* Effective at communicating with a team, including listening, speaking, reading, and writing effectively

* Ability to work flexible schedule, including nights, weekends, and holidays

* Acceptable level of hearing and vision to perform job duties",b0f3d4b011e674b071b6e127285b677c
8260,Texas Roadhouse Inc,TXRH Mt. Pleasant (Opening in December) in Mt. Pleasant is looking to hire a Fry,b0f885ba9828899c2de9c72e8656bd4f
30371,SANTA CLARA UNIFIED SCHOOL DST,"Board Certified Behavior Analyst - BCBA (QSS 6654)

Employer:

Santa Clara Unified School District

Date Posted:

10/10/2016

Contact:

Chris Lohrman

Number Openings: (At time of posting)

1

Length of Work Year:

7.5 hours per day, 5 days per week, 210 days per year, hours TBD

Employment Type:

Full Time

Application Deadline:

Until Filled

Salary:

$42.65 - $54.44 per hour

Date Posted:

10/10/2016 Application Deadline:

Until Filled Employment Type:

Full Time Length of Work Year:

7.5 hours per day, 5 days per week, 210 days per year, hours TBD Salary:

$42.65 - $54.44 per hour Number Openings: (At time of posting)

1 Contact: Chris Lohrman Email: clohrman@scusd.net Phone:

Location::

Special Education

Start Date::

ASAP

Salary Grade:

32A

Location::

Special Education

Start Date::

ASAP

Salary Grade:

32A

Job Description / Essential Elements:

Click Here to View

Requirements for Applying

Under direction of the Director of Special Education and/or the Director/Coordinator of Student Services, and in cooperation with the Santa Clara Unified School District Behavior Support Team and/or Early Intensive Behavior Intervention program, candidate participates in the development of a coordinated positive behavior intervention program for Santa Clara Unified School District; consults with school principals and staff concerning appropriate learning strategies and positive behavior interventions, to support students to access instruction and to make academic progress in the least restrictive environment.Education and Qualifications: Master's degree in related field; successful completion of all requirements for board certification, including the passage of state certification examination. Experience working in a K-12 educational setting within specialized field of Applied Behavior Analysis, with increasing levels of responsibility. Minimum of one year of experience as a Behavior Consultant or equivalent position in a school setting. Candidate must have knowledge of Federal and state laws that apply to the assessment of students referred due to disruptive or assaultive behaviors; IDEA and Behavior Analyst Certification Board (BACB) guidelines to address behavior and develop positive behavioral support plans. Must also have knowledge of General Education and Special Education classroom environments and standards of learning. Correct English usage, grammar, spelling, punctuation, and vocabulary, as well as good oral and written communication skills are essential. Must have a valid California Driver's License and a reliable means of transportation.

The Santa Clara Unified School District celebrates diversity and is committed in all of its activities, policies, programs, and procedures to provide equal opportunity for all, and prohibits discrimination, harassment, intimidation, and bullying based on actual or perceived ancestry, age, color, marital status, disability, gender, gender identity, gender expression, nationality, race or ethnicity, religion, sex, sexual orientation or association with a person or a group with one or more of these actual or perceived characteristics. The District will make reasonable accommodations for applicants, employees and students with disabilities.

Requirements for Applying

Under direction of the Director of Special Education and/or the Director/Coordinator of Student Services, and in cooperation with the Santa Clara Unified School District Behavior Support Team and/or Early Intensive Behavior Intervention program, candidate participates in the development of a coordinated positive behavior intervention program for Santa Clara Unified School District; consults with school principals and staff concerning appropriate learning strategies and positive behavior interventions, to support students to access instruction and to make academic progress in the least restrictive environment.Education and Qualifications: Master's degree in related field; successful completion of all requirements for board certification, including the passage of state certification examination. Experience working in a K-12 educational setting within specialized field of Applied Behavior Analysis, with increasing levels of responsibility. Minimum of one year of experience as a Behavior Consultant or equivalent position in a school setting. Candidate must have knowledge of Federal and state laws that apply to the assessment of students referred due to disruptive or assaultive behaviors; IDEA and Behavior Analyst Certification Board (BACB) guidelines to address behavior and develop positive behavioral support plans. Must also have knowledge of General Education and Special Education classroom environments and standards of learning. Correct English usage, grammar, spelling, punctuation, and vocabulary, as well as good oral and written communication skills are essential. Must have a valid California Driver's License and a reliable means of transportation.

The Santa Clara Unified School District celebrates diversity and is committed in all of its activities, policies, programs, and procedures to provide equal opportunity for all, and prohibits discrimination, harassment, intimidation, and bullying based on actual or perceived ancestry, age, color, marital status, disability, gender, gender identity, gender expression, nationality, race or ethnicity, religion, sex, sexual orientation or association with a person or a group with one or more of these actual or perceived characteristics. The District will make reasonable accommodations for applicants, employees and students with disabilities.",b09450b9c142dc650631c9f1fd502e80
36158,Standard Bank,"Job Details

Group Finance: budgeting and forecasting, creating interim and annual financial statements, facilitating internal mergers and acquisitions, as well as dealing with analysts and investors.

Job Purpose

To utilise exceptional organisational skills in assisting the finance manager to provide value added analysis to the Small Enterprise portfolio. Consider analysis as ""getting beneath the surface"". The analyst will conduct a recurring financial analysis of the finance reports that the individual will run from data source or from information supplied by other stakeholders. The analyst should also consider new and improved ways of reporting information. The analyst is required to assist the finance manager in providing accurate and relevant management information and analysis directly to stakeholders, in line with respective business value propositions, on time and in a format that is easily understood and applied by business

Key Responsibilities/Accountabilities

Project management

* Assists the finance manager with the end-to-end process of ad hoc business unit requests

* Adheres to ad hoc reporting format and standards as required by business

* Assists the finance manager with the design and development of the solution after analysis and discussion with other key stakeholders and drives the delivery of the solution or report to business

* Assists the finance manager with the definition, scope, and ownership of tasks/projects of a high complexity on an independent basis against business deliverables

* Understands the interdependencies between people, systems and business

* Based on the understanding of the solution or report delivered, assists the finance manager with negotiating and influencing business

Financial management and planning

The analyst will be responsible to manage the role around the following mentioned parameters:

Business support

* Producing accurate financial reports for Small Enterprise in line with deadlines set

* Build on the business partnership

Traditional support to Finance (PBB Central and Group)

* Control environment

* Controls implemented and continuous monitoring and review i.e. Business Unit headcount, balance sheets and expense schedules to be delivered after review in the form of a cost centre pack

* Management accounts/ Monthly reporting

* Accurate, complete – IS, BS and key drivers

* Appropriate commentary, graphic representations and analysis to provide insights and understanding

* Budgets, RE's and 5 Year Forecasting (for segment and their respective cost centres)

* Accurate and based on reasonable and well debated and logical assumptions

* Appropriate commentary and analysis to provide insights and understanding

* Continuous improvement in process to shorten the process

Analysis

* Assists the manager with monthly analysis of reports that will initially be produced on an ad hoc basis and then put in production monthly. Tasks require a assisting the finance manager with a varying degree of decision-making, analytical understanding and co-ordination across several units within Business Banking

General

* Ensures appropriate reporting using a standard format that is easily understood by business

* Enhances the understanding of reported information through the use of standard definitions to be easily understood across all reporting formats.

* Ensures that problems in reporting or gaps in information are identified and resolved

* Extracts, collates and performs analysis of financial information from various sources and systems and reports on key business requirements

* Optimises and streamlines existing procedures and system interactions to ensure data quality, availability and improved turnaround time

* Provides input to Business Banking to support the budget setting and forecasting processes

* Gains knowledge and experience from Product finance teams in support of learning and development

* Distributes insights/management information periodically (daily, weekly, monthly, quarterly or annually) through a structured reporting process to support business decision-making at the functional unit level

* Assists the manager in proactively driving solutions for better business understanding

* Deals with ad hoc requests from Product, Channel and other business partners

Stakeholder management and planning

* Assists the manager with providing quality support to the sector/segment team which encompasses many executives and high performance teams requiring significant support on demand

* Provides quality support to business with regards to sector/segment reporting and constantly seeks to improve the quality of the support provided

* Ensures a clear understanding of the information required to meet business needs through in-depth questioning and analysis

* Presents comprehensive information to key stakeholders at an appropriate level of detail to facilitate insight and decision making

* The analyst will also have working relationships with the various Product and Finance Heads across the portfolios. Focus on building strong relationships. Provide highest level of customer service

Preferred Qualification and Experience

* BCom or equivalent qualification

* 3 years management accounting experience

* Experience in Business Banking is an advantage

* Experience with presenting information to a large and senior audience

Knowledge/Technical Skills/Expertise

* Advanced knowledge of Microsoft Office (PowerPoint, Excel, Word and Outlook);

* Strong financial management skills",b0989f66e454ba1f5ed7fed2576ea34f
31756,Firestone Complete Auto Care,"Overview:

We Promise to Care

We understand that we offer more than just car service. We rescue people from bad days and we offer solutions for difficult situations. We are people of integrity and we believe that fundamental honesty is the keystone of our business. We are committed to doing the hard work necessary to earn the loyalty of our teammates and our customers by providing a positive experience every time. We are proud and passionate to represent the brand of Bridgestone. Every day, in every store, with every teammate and every customer….We promise to care!

Our Purpose: To be the most trusted provider of automotive care in every neighborhood we serve.

Bridgestone Retail Operations, LLC employs over 22,000 teammates in North America and operates more than 2,200 company-owned stores. Our locations include Firestone Complete Auto Care, Tires Plus, and Wheel Works.

Apply today to learn more about why Bridgestone Retail Operations is the right place to build your career!

Responsibilities:

Are you a problem solver? Have you worked hard to build your automotive experience, education and industry knowledge? You've passed the tests, now it is time to put those skills to work! At Bridgestone we offer the most competitive development program in the industry designed with one thing in mind…YOU! Whether it's the opportunity to work with the widest variety of vehicles, the newest equipment, or leverage our comprehensive ASE certification and training program you'll have no trouble finding something to love about growing your career with Bridgestone Retail Operations. Come serve our customer, aka the BOSS, today!

Job Responsibilities

* Diagnose and repair to specifications – brake and hydraulic, exhaust, primary and/or advanced fuel ignition and electrical, suspension and alignment.

* Adequately explain technical diagnoses and needed repairs to non-mechanical individuals which may include employees and customers on an as-required basis.

* Continuously learn new technical information and techniques in formal training sessions in order to stay abreast with rapidly changing automotive technology.

* Assist fellow technicians/mechanics in performing technical activities.

* Keep store management aware of mechanical repair problems as they occur.

* Maintain an organized and neat bay.

* Adhere to all company policy, procedure, safety and environmental rules.

Qualifications:

* A High School Diploma or GED

* At least 2-3 years of strong automotive mechanical diagnosis, problem-solving and repair experience.

* At least 1 ASE certification is required for this position.

* You'll also need a high level of motivation, energy and a customer-focused attitude.

* Must have a valid driver's license.

* Pre-employment drug test/physical/ background check will help assure we build teams of people who can best work with others and serve customer needs.

If you meet the qualifications listed above, possess a can do attitude and have a desire to progress in your career with the automotive service industry leader who puts their mechanics / auto technicians first, please apply today!

Benefits, Privileges and Growth Opportunities

* We offer over 31 Benefits and Privileges to include medical, dental, vision, 401k, cash balance retirement plan and more.

* We are An Equal Opportunity Affirmative Action Employer.

* One of our strengths is found in our commitment to serve a diverse customer population with diverse teams of teammates.

* Over 100 years of success is an indication of the stability our workforce enjoys.

Apply/Socialize Options:",b0d952fc7730cc692bc5a2a3b5a6d2bc
12004,"DriveTime Automotive Group, Inc.","Overview:

What Drives you?

* An exciting position that will get you back into the workforce?

* Being a part of an exciting and rewarding work environment?

* A job that works with you and your kids schedule?

* A workspace that is dynamic, fast, fun, and challenging?

We share your drive.

At DriveTime, we're committed to providing you with a clearly defined career path that will allow you to go as far as your drive and ambition will take you. If you have an entrepreneurial spirit, welcome a challenge, have high personal standards of achievement and are extremely motivated, we have endless opportunities for you to succeed. Use your strong interpersonal skills to accelerate your career within our strong, rapidly growing organization.

Responsibilities:

A typical day as a Part Time Customer Service Advocate

Expect to walk into a fun environment. As a Customer Service Advocate for DriveTime you will be exposed to all aspects of the dealership. You will work closely with your team and with customers. As a Customer Service Advocate, you are part of the sales, inventory and operations of the business. This is the perfect opportunity to work within a fast paced environment where you will play a key role within your team.

As a Customer Service Advocate some of your responsibilities will be, but not limited to:

* Welcomes customers by providing them concierge level assistance.

* Directs customers by escorting them to management team.

* Advises customers by providing information on products.

* Processes down payments, titles and documents.

* Maintains clientele informed by keeping them up to date during their sales process.

* Be flexible enough to organize and adapt daily work to changing situations and demands.

* Professional phone skills

* Contributes to team effort by accomplishing related results as needed.

Enjoy the Rewards and Benefits.

Money: Great pay – $12/hour

Environment: Fun and exciting environment where you work closely with both co-workers and customers

Qualifications:

* 2-3 years of general office experience including cashiering.

* Excellent communication skills (oral and written), math, and interpersonal skills.

* Intermediate computer skills in Microsoft Office programs, especially Word and Excel.

* Professional phone skill sets to include internal and external customers.

* Must be polite, professional, energetic and presentable, with strong communication, organization and customer service skills

* Face-to-face sales/customer service related experience in industries like retail and hospitality is preferred

* Be flexible enough to organize and adapt daily work to changing situations and demands.

* High school diploma or equivalent required

* Valid driver's license, a clean driving record, and the ability to pass a drug test and a background check

Physical Demands

The Physical demands described within are representative of those that must be met by an employee to successfully perform the essential functions of this job. Reasonable accommodations may be made to enable individuals with disabilities to perform the essential functions.

* This job position is designated as a safety sensitive position.

* Must be able to lift up to 25 pounds independently; majority of lifting from knee to shoulder heights; other lifting required from various levels.

* Must be able to carry and transport up to 25 pounds up to 60 feet.

* Requires standing for extended period of time with frequent stretching, reaching, walking and stooping, pushing and/or pulling.

* Requires excellent visual acuity and manual dexterity.

* Requires sitting for extended periods of time. Must be able to type for extended periods of time.

* Requires being able to hear and speak with others in-person or on the phone.

* Must adhere to regular and predictable attendance.

And when it comes to hiring, we don't just look for the right person for the job, we seek out the right person for DriveTime. Along the way, we provide plenty of opportunity to be creative and grow professionally in a fun, high-energy environment.

Hiring is contingent upon successful completion of our background and drug screening process. DriveTime is a drug-free, tobacco-free",b0dd9fca2ff6b69fa74beb7d99d5f516
1599,Memorial Healthcare System,"Manages the organization's construction projects from planning to completion.

1. Provides a full range of project management services for the development, design, construction, completion, and activation of assigned construction projects including managing scope, schedule, cost, risk, and resources.

2. Provides project leadership, coordination, and facilitation with internal and external parties to meet project goals, communicates/obtains information, and proactively identifies and resolves project-related issues.

3. Prepares and oversees all financial aspects of a project, including estimates, project budget, funding, purchase orders, change orders, and requisition payments, from feasibility through close-out. Identifies and resolves budget problems, project risks, develops and maintains project cost reports and schedules. Prepares weekly project status and schedule updates and reports and monitors/updates construction schedules.

Complexity of Work: Must have: knowledge of building systems, design and construction techniques, Joint Commission, AHCA code, applicable NFPA codes, ADA, Infection Control Procedures, and Florida Building Code as applied to ongoing planning/design/construction projects; ability to read, interpret, and apply construction document and specification information; working knowledge of Microsoft Office Suite, e-Builder, and AutoCAD. Requires critical thinking skills, effective communication skills, decisive judgment and the ability to work with minimal supervision. Must be able to work in a stressful environment and take appropriate action.

Licensure, Certification and Registration: Valid state driver's license with acceptable driving record and auto insurance.

Required Work Experience: 5 years of experience managing complex design and construction projects.

SMARTCLICK",b0edaa6e59f69ff0d233fa3196449ed9
20287,WIS International,"Full time or part time hours available! WIS International is hiring Retail Inventory Associates to help in this growth of our business. No Experience Necessary. If you like working in a new location every day, and being part of a team…this is the opportunity for you!

Retail Inventory Associates work remotely at our customers' stores and warehouses to physically count their inventory. The inventory can begin at different times throughout the day including early morning, evening and weekends.

Qualifications:

* 18 years of age or older

* Ability to constantly walk, move about and bend as well as frequently climb and reach with or without reasonable accommodation

* Professional and respectful of self and others

* Provides excellent customer service

""Your Choice"" for incremental income:

* Flexible Schedules

* Variety

* Weekly Pay

* Excellent Referral Bonuses

* Advancement Opportunities

* Paid Training

""Your Time"" to join a winning team!

WIS International remains one of the world's leading inventory and retail service providers. WIS is aggressively pursuing and winning businesses daily.

w3.wisintl.com/job-search • www.wisintl.com

WIS thanks all applicants in advance, but will only contact those we wish to interview.

Applicants ONLY. WIS International does not accept unsolicited resumes or applications from agencies.

* Equal Opportunity Employer/Protected Veterans/Individuals with Disabilities.

* Please view Equal Employment Opportunity Posters provided by OFCCP here.

* The contractor will not discharge or in any other manner discriminate against employees or applicants because they have inquired about, discussed, or disclosed their own pay or the pay of another employee or applicant. However, employees who have access to the compensation information of other employees or applicants as a part of their essential job functions cannot disclose the pay of other employees or applicants to individuals who do not otherwise have access to compensation information, unless the disclosure is (a) in response to a formal complaint or charge, (b) in furtherance of an investigation, proceeding, hearing, or action, including an investigation conducted by the employer, or (c) consistent with the contractor's legal duty to furnish information.",b0f59c650cee21db5cfea51a1ebec85c
469,Amazon.com Inc,"Have you ever wondered what it takes to monetize the worldwide service offerings for one of the largest cloud-based computing companies and delight millions of customers along the way? Does the thought of designing and modeling highly secure, fault-tolerant systems that scale to thousands of transactions per second (TPS) excite you?

Why AWS Payments?

AWS Payments is an innovation-focused group in the global payments space. By undertaking programs that define or change industry trends we are continuously raising the bar on customer experience. The group targets the full spectrum of international payment methods, monetary values, use-cases and transaction volumes. We own complete lifecycle of payment processing including invoicing, collections, dunning, reconciliation and refund services to deliver a seamless experience across our entire customer base. From individual customers to large enterprises, our systems allow customers to pay any amount - from few pennies to millions of dollars!

What is special about the team?

Be a part of a well-balanced team with a diverse experience that is making strides in evolving the commerce platform for Amazon Web Services (AWS). The team operates in a fast-paced and fun environment where accuracy, timeliness, quality and security form the operative cornerstones. As owners of the complete lifecycle of payment processing, team members participate in a shared customer resolution program to delight customers. This rotation has a frequency of only once a quarter; leading to more time for design, code, delivery of new features and architectural improvements. Additionally, the team has collaborative leaders in various roles - product development, operations and engineering management who form the critical support structure for delivering innovative features.

What will I work on?

You will work on features for existing systems as well as green-field projects where you can make a significant positive impact to millions of customers. As a Software Development Engineer, you should have a passion for delivery, drive for excellence and penchant for quality. You will practice development best practices such as load testing and continuous deployment while solving technical challenges in system design, distributed computing, algorithms, customer facing web-applications and back-end services. Additionally, you will work closely with operations and technical teams across Amazon Web Services.

Basic Qualifications

* Bachelors Degree in Computer Science or a related field (MS or PhD preferred)

* At least 3 years of software engineering experience

* Experience with an object oriented language like Java

* Knowledge of Computer Science fundamentals in data structures, algorithm design, problem solving and complexity analysis

Preferred Qualifications

* Good communication skills with both technical and business people. Ability to speak at a level appropriate for the audience.

* Strong architecture and design skills; be able to design, build and lead others to build systems that will be robust in the face of change.

* The ability to lead a team of engineers to solve big problems with significant ambiguity. Ability to work directly with operations and business users to plan projects, track timelines and turn the ambiguous into specific goals and targets.

* Experience developing in a Linux environment

* Experience using modern tools and environments (ex. IntelliJ, Eclipse, Maven, Git)

* Experience with Behavior-Driven/Test-Driven Development, XUnit, Mocking frameworks

* Experience with dynamic languages, especially JVM languages like Clojure and Scala.

* Experience with data analysis in large-scale No-SQL environments (ex. Dynamo DB) is a plus.

* Experience with asynchronous communication architectures involving SNS, SQS, etc. is a plus.

* Experience with AWS products like EC2, S3, RDS is a plus.

* Familiarity with payment processing, ledger, or accounting systems

* * For more information on Amazon Web Services, please visit http://aws.amazon.com **

* LI-KH3

aws-sdesdm-na #awspayments

Apply for this job onlineApply

Share

Email this job to a friendRefer

Share on your newsfeed",b0988361e04d42f5113a4c0a99abdc45
28190,J Crew Group Inc,"Clearance Store Lead

DESCRIPTION:

* Ensure customer service meets or exceeds expectations by developing client relationships

* Ensure sales floor staff has clear understanding of daily objectives, follows all store operation procedures, and supports team members with process improvements and cost reductions

* Meet or exceed store volume and quantitative goals

* Develop fresh ideas and approaches for store floor

* Ensure store cleanliness and organization is maintained and store displays are kept neat and organized

* Maintain best assortment possible through organization of replenishment stock

* Ensure daily logs, reports, and spreadsheets are accurately updated and submitted on time to all needed parties.

* Ensure cash register reconciliation is completed daily, and bank deposit schedules are maintained

* Assist customers and perform sales transactions as needed

* Communicate issues / concerns to store management

* Develop fresh ideas that build the client relationship and pro-actively drive new and repeat traffic in the store

* Must be able to travel to and work at various regional warehouse sales

* Complete other duties as assigned by the Associate Store Manager or Store Manager

* Report to work as scheduled, using time clock system

* Must be flexible to assist in other areas as well as flexible with work schedule; available to work holidays, weekends, or an occasional overnight for a project.

* Partner with ASM to coach and develop sales associates and BOH (""back of house""/stock room) staff.

QUALIFICATIONS:

* High School diploma or GED required

* Previous retail store, cash register and customer service experience preferred

* Basic keyboarding skills; computer literate (knowledge of Microsoft Excel and Word)

* Strong interpersonal and customer service skills - pleasant, outgoing personality

* Effectively operate cash register and handle money transactions

* Good communication skills both verbally and written, with ability to communicate with all levels

* Strong administrative skills

* Good leadership abilities, able to lead team to ensure daily goals are accomplished as outlined by the store manager

* Successfully pass a security background, credit check and drug screen

* Ability to work in a team environment

* Quality conscious and detail oriented

* Ability to lift heavy cartons (restocking the sales floor)

* Ability to travel as requested (to work warehouse sales)

* Flexibility with work schedule and job duties; you will be required to work on most holidays

* Understand and follow verbal and written instructions

* Basic math skills

WORK SCHEDULE:

* Varied work schedule, Sunday-Saturday

* Full-time, Medical/Dental/Vision/Life Insurance Benefits and 25 days of Paid Time Off per year.

J.Crew Group, Inc. is an Equal Employment Opportunity (EEO) Employer

We are committed to affirmatively providing equal opportunity to all associates and qualified applicants without regard to race, color, ancestry, national origin, religion, sex, marital status, age, sexual orientation, gender identity or expression, legally protected physical or mental disability or any other basis protected under applicable law.",b09b13dc799403b510efb9ba5c24fdbb
115,Lockheed Martin Corp,"Job Description :

Lockheed Martin is looking for a Senior Computational Linguist to join our team in Annapolis Junction, MD. Successful candidate will work independently, as well as part of a team, to use new tools to help build the linguistic resources needed to develop, evaluate and test natural language processing tools.

Basic Qualifications

* Level 3/3 linguist - experienced in human language technology and working with computational linguistic principles, and familiar with translation standards

* Background in linguistic analysis which includes extensive knowledge of morphology, syntax and/or phonology with at least five (5) years. Experience applying this knowledge to create models, extend algorithms, to write structured notation and to write/exploit language patterns by using linguistic and statistical techniques on language.

* Have demonstrated technical writing skills and shall have generated technical documents in support of a development project

* Shall have at least level two (2) language skills in more than one foreign language.

Desired skills

* Demonstrated experience with language processing technology design (i.e. the design of language processing tools and technologies in exploitation of language material.

* Experience with human language technology system development efforts.

* Demonstrated experience with language technology metrics development (i.e. the assessment and evaluation of language analysis technology processes, tools and programs.

As a leading technology innovation company, Lockheed Martin's vast team works with partners around the world to bring proven performance to our customers' toughest challenges. Lockheed Martin has employees based in many states throughout the U.S., and Internationally, with business locations in many nations and territories.

Join us at Lockheed Martin, where we're engineering a better tomorrow.

Lockheed Martin is an Equal Opportunity/Affirmative Action Employer. All qualified applicants will receive consideration for employment without regard to race, color, religion, sex, pregnancy, sexual orientation, gender identity, national origin, age, protected veteran status, or disability status.

Job Location(s): Annapolis Junction Maryland

Security Clearance :

TS/SCI w/Poly

Business Unit :

ESS6500 MST

Program :

AMPERE

Job Class :

Intelligence Analysis

Job Category :

Experienced Professional

City :

Annapolis Junction

State :

MD

Virtual :

No

Relocation Available :

Possible

Work Schedule :

TEMPO: 9X80A - Standard Fri to Fri (Flex & Rigid)

Req Type :

Task Order/IDIQ

Shift :

First

Additional Posting Locations :

Annapolis Junction",b0a8eb173b58bf00077b86e31aa11dc1
21535,Clark County School District,Licensed - Position - Secondary,b0decd4324326a78467245d9a58e2580
38380,General Nutrition Centers,"Job Summary:

The Part Time Retail Sales Associate position at GNC is the most important job in our company. As a Retail Sales Associate, you are doing more than selling products…you are the face of GNC to our customers. Your most important job is to educate and to provide outstanding customer service.

As the nutrition and wellness destination for our customers, our Sales Associates must possess a curiosity and eagerness to solve the customers' needs, develop and foster long-term, trusting relationships, and share information regarding, health, fitness and nutrition. To ensure your success, you will be supported with an intensive training program to help you achieve great results. You will have the opportunity to develop your communication skills, detail orientation and to build on your natural talents and strengths in a high-energy environment.

Essential Duties and Responsibilities:

Demonstrate superior product knowledge in assisting customers

Answer product based questions using knowledge from GNC training, merchandising bulletins, and other Company approved information

Sell merchandise and interact with customers according to GNC standards

Receive, check, and shelve merchandise; keep store clean and uncluttered

Complete customer transactions using POS register system

Perform register store open/close functions and bank deposits

There's plenty of opportunity to grow in this position. Retail Sales Associates at GNC have the opportunity to grow into field leadership roles or move into the corporate office to embark on careers in merchandising, product development, training, marketing and other areas. You will receive outstanding training to become an expert in health and wellness products, sports nutrition, vitamins and herbs.

Job Specifications:

Must be at least 18 years of age

Basic math skills to count, add, and subtract

Strong interpersonal skills and ethical behavior to manage the company's assets

Excellent customer service skills to develop a relationship-selling culture

High School Diploma or GED preferred

Equal Opportunity / Affirmative Action / Protected Veterans / Disabled Individuals Employer",b0f83b8ed82d480f6bbb1d4c6c7b64a0
22127,University of Texas Health Science Center at Houston,"Where Creating the Best Hope for a Healthier Future Begins... Assits in planning, coordinating and monitor the research activities of the unit. Develops and administers procedures designed to comply with appropriate regulations relating to the administration of government and private research grants and contracts and for the interpretation and application of such procedures and regulations. Candidate will assist in planning, coordinating and monitoring the research finance activities for the Division of Oncology. Develops and administers procedures designed to comply with appropriate regulations relating to the administration of government and private research grants and contracts and for the interpretation and application of such procedures and regulations. Negotiate with agency regarding renewal of contract/subcontract. Budget creation for all studies. Creation and set up of EG accounts and case studies for research. Research billing and invoicing for all studies. Coordinates and collaborates effectively with Memorial Hermann for all trials. Adjust budgets dependent upon contract requirements. Oversees proper close-out of grants and contracts, including final financial reports to grant agency. Creates and maintains inventory of assets procured under contract and grant accounts. Compiles financial and personnel reports for grants and contracts as needed. Analyzes proposed grants and contract proposals and awards for special conditions/restrictions and establishes controls as needed to ensure full compliance. Coordinates activities in establishing grant protocol with institutions that may be involved in similar activities as named by the grant. Assists Principal Investigator with pre and post award administration and coordinating. Provides assistance to Principal Investigators and their staff to ensure allow-ability and allocations available to them by counseling and/or disseminating information and guidelines of the various granting agencies. Distributes to Principal Investigators pertinent information relating to contractual provisions and obligations.",b0fe00f35a9d7091821b98b9af8836d1
382,JPMorgan Chase & Co,"Chase is a leader in the financial services industry, providing banking, mortgages, credit cards, loans, payment processing and investment services to 50 million customers - 1 out of every 6 Americans. As a division of JPMorgan Chase & Co. (NYSE:JPM), we:

* serve 21 million households with consumer banking relationships

* lent $17 billion to small businesses in 2011

* are one of the nation's largest credit card issuers, with more than 64 million credit cards in circulation

* service 8 million mortgage and home equity loans

While we operate across a broad range of businesses, our mission at Chase is quite simple: to be the industry leader in customer service. Our employees put the firm's resources to work every day for our customers.

Chase offers a dynamic environment and the training and support to meet your full potential. Our company is widely recognized as a great place to work, to grow and to invest for the future. Join our team.

Do you enjoy Consulting? Are you skilled in coaching others for success? Are you known for delivering a great customer experience for your clients? Join the People Support Team and be part of an innovative and evolving new Human Resource team who are seeking to help Chase employees across the US improve their performance, build their careers and work through challenges they may face in the workplace.

The Employee Consultant HR Business Partner will provide guidance and counsel in a contact center (phone) environment to employees at all levels regarding questions or challenges which they are unable to resolve with their current management, including:

* Goal setting, performance feedback and Improvement, compensation decisions

* Attendance and leave processing

* Employee relations, HR policy, and other HR matters.

Responsibilities:

* Educate employees on all phases of HR programs and processes.

* Coach employees to help them strengthen their knowledge or skills around people leadership. Serve as a sounding board and confidante during difficult interactions and business situations.

* Provide advice and counsel to employees on general workplace policies and practices, issues related to their job performance, relationships with their manager and/or co-workers as well as career development and job opportunities.

* Help guide employees through difficult performance issues that may arise.

* When situations escalate, or unfair practices appear to be taking place, Interview relevant parties to ensure all sides of a situation have been heard, engage investigators and HR Business Partners as appropriate, then document according to standards.

* Engage business aligned HR Business Partners when you recognize a situation, pattern or practice that may significantly impact the business.

* When appropriate, engage the investigative team, Corporate Employee Relations, the Investigative Services Division, as well as the business aligned HR Business Partner to assist in resolving Code of Conduct or other more serious workplace situations.

Experience:

* 2-3 plus years of experience as an HR Generalist or HR Business Partner; Contact Center a plus

* 2-3 plus years Employee Relations experience, conducting investigations, reaching resolution

* Experience working with legal counsel & compliance professionals a plus

* Knowledge

* Working knowledge of national and state employment laws (ADA, FMLA, etc.)

* Knowledge of full range of people policies and process; compensation, performance management, internal job posting, compensation, employee relations, etc.

Consultative & Coaching Skills:

* Demonstrated ability to influence all employee levels

* Strong consulting/problem resolution experience.

* Skilled at coaching and developing employees

* Able to quickly size up a conflict situation, sort through fact & emotion without pre-judgment, develop alternatives and make sound recommendations. Understands when to escalate.

* Able to negotiate with employees to gain their consensus and strong commitment for action

* Provide insight to employees, assess issues/potential risks and recommend action to reach balanced solutions. Challenges employees to question assumptions & think through problems

* Exhibits very sound judgment in approach & outcomes. Able to build this skill in others.

* Must have the ability to multi task in a fast paced environment; adjust readily to multiple demands, shifting priorities and rapid change.

* Communication Skills

* Able to quickly put people at ease, build rapport , gain confidence during a phone consultation.

* Strong customer service orientation, professionalism, phone manner

* Must possess patience and the ability to speak authoritatively with diplomacy; flexible and adaptable to changes in procedures, processes, systems, etc.

* Exceptional interviewing and active listening skills; hears what's said & what's not

* Clear, organized and complete documentation

* Effectively communicates via email, phone & other virtual technologies.

* Proficient with Excel and Word

Analytic Skills:

* Able to quickly review a situation and assemble the full story pulling together facts , information and opinions from a variety of sources.

* Utilizes critical thinking and analytical skills regularly to identify issues and trends, develop solutions and/or recommendations to address root cause and mitigate further risk to the firm

* Uses insight gained to develop & recommend potential actions and coach employees.

Education:

Undergraduate degree in Business, Human Resource Management or equivalent Human Resource or Management experience

JPMorgan Chase is an equal opportunity and affirmative action employer M/F/Disability/Veteran",b08536b1341f538975aafe011f1f75be
6469,Devon Energy Corp,"Environmental Professional

Jackfish District

Devon Canada has an opportunity for an Environmental Professional to join our team.  This is a field-based position on a 7 day on / 7 day off rotation at Devon’s Jackfish location. The successful candidate will have the opportunity to make an impact on how Devon will sustain its operations and manage its environmental performance as we continue to enahnce and evolve our business.

The ENVIRONMENTAL PROFESSIONAL is part of the corporate Environment, Health and Safety (EHS) team and works directly with a team of EHS PROFESSIONALS within the Jackfish District including an on-site Field EHS Supervisor. As an onsite partner, the successful candidate will help the local operations management advance Devon’s environmental and regulatory objectives. The leadership of the EHS team expects you are competent in environmental concepts, practices, standards, management systems and regulations and passionate about effective environmental management. Well-developed professional judgment is required in planning and performing assignments as well as ability to interact with and positively influence operations.

Our Jackfish Project is located approximately 15km (10 miles) southeast of Conklin, Alberta.  We have selected Steam Assisted Gravity Drainage (SAGD) as the technology to extract bitumen over the life of the project.  Total recoverable resources are estimated at over 300 million barrels. Devon currently has three Jackfish SAGD facilities operating. This role is based at our Jackfish camp facilities with a 7 days on 7 days off fly in fly out schedule with flights included from Calgary, Edmonton, Kelowna and Vancouver. These are Devon’s current transportation hubs, which are subject to change at any time in Devon’s sole discretion.

Why Consider this Role?

* Tangible Results – You have influence on shaping new policies and procedures to help create an industry leading, world class operation. Your efforts are realized in very real results

* Corporate Integrity – Shape the way Devon operates and be an integral part of promoting Devon’s culture of always doing the right thing

* Challenge and Opportunity – Be part of a team of environmental professionals working collaboratively to advance the business’ EHS performance and management

Performance Objectives:

* Coordinate compliance including monitoring, reporting and auditing under environmental regulations and approvals (AER Directives, AER Approval, EPEA Approval, etc.)

* Actively review and monitor daily/weekly/monthly environmental key performance indicators. Identify opportunities, and help prioritize focus areas for operations to act on improvement initiatives

* Provide advice and support within the operating district on environmental matters while working with field operations/production staff and corporate EHS staff

* Coordinate field operations - environmental management related activities for the Jackfish district as part of an environmental professional team

* Influence and support Devon’s Environment, Health & Safety Management System

* Partner with the business ensure all EHS programs and initiatives succeed

This position is an excellent opportunity to bolster your career by expanding or obtaining SAGD field experience. Previous experience working as a field/operations environment professional either in SAGD or conventional oil and gas operations is critical to the success of this role. A grounding in, and passion for, the environment in particular and EHS in general is a key asset for this position. Project coordination and consultant management experience will be required as well as demonstrated experience in one or more technical areas of environmental management (soils, air, water, reclamation, etc.). Being that this is a cross shift, team-oriented position, the candidate must be a self-starter, possess strong analytical skills and have the ability to apply sound judgment as required. Strong interpersonal and communication skills, and an ability to work both independently and as a member of a team are also necessary.

 Qualifications:

* 5+ years of environmental operational experience

* 3+ years of O&G upstream/SAGD operations experience is an asset

* University Degree, College Diploma or relevant experience with an Environmental concentration is required

* Experience working with AER and ESRD rules, regulations and directives

* Excellent planning, organizational, interpersonal and communication skills

* Demonstrated computer competency with Microsoft Office software

* Previous experience working and living in a remote camp environment is an asset

The Devon Advantage:

Every day, Devon employees bring their talent, skill and innovative spirit to work. That's what's made us a leading independent oil and natural gas exploration and production company, and has helped us rank on FORTUNE Magazine's 100 BEST Companies to Work For and on the Best Workplaces in Canada list. Plus, Devon offers a flexible employee package that can be adjusted to suit the changing needs of your life, including:

* An industry-leading compensation and benefits package

* Bonuses and long-term incentive programs

* Focused emplolyee development

* A great place to do great work

* An environment that values employees and is driven by performance

* 62,000-square foot Jackfish Lodge, voted best employee facility in the oil sands industry, where employees enjoy their own room with personal en suite bathroom",b087bd4f95e1c9151cdafc86c47a37f6
19995,Government of Florida,"REGULATORY CONSULTANT FLORIDA DEPARTMENT OF AGRICULTURE AND CONSUMER SERVICES DIVISION OF CONSUMER SERVICESBUREAU OF COMPLIANCE ***INTERNAL AGENCY OPPORTUNITY--ONLY CURRENT EMPLOYEES OF THE FLORIDA DEPARTMENT OF AGRICULTURE AND CONSUMER SERVICES WILL BE CONSIDERED.*** CONTACT: Sophie Thomas-Campfield (850) 410-3713 Minimum requirements: A bachelor's degree from an accredited college or university and two (2) years of professional or nonprofessional experience in consumer complaint program work, business administration, customer or public relations, investigations, utilities engineering, utilities rate analysis or involving all lines of insurance; or administrative work and/or professional regulation or a field related to the area of responsibility. Professional or nonprofessional experience in the fields describe above may be substituted on a year-for-year basis for the required college education ***Information contained in responses to Qualifying Questions concerning education and knowledge, skills and/or abilities must also be disclosed on the State of Florida Employment Application.*** NOTES: Successful applicants must pass a background screening, including fingerprinting, as a condition of employment. JOB DUTIES: Analyzes incoming documents in the DOCS database within the time frames prescribed by law. Verifies scanned documents. Accurately inputs registration information into DOCS database according to established procedures. Reviews documents to determine appropriate action, including: Analysis of registration or filing documents received to determine compliance with state laws and rules; Reviewing contracts, estimates and invoices, financial documents and any other documents pertinent to the licensure of the applicant to ensure adherence to state laws; Communicating any deficiencies in applications to businesses via email or mail; Issuing license/registration when all requirements are met; Sending appropriate documentation to business to verify a license/registration has been issued or has been denied if deficiencies were never addressed within the time frames prescribed by law; Referring to other personnel, sections or agencies when necessary. Documents all contacts and communications with the businesses by entering clear notes into DOCS and uploads all emails and faxes that are received. Handles telephone inquiries and requests from businesses, other government agencies and consumers and documents details of the issues in notes in DOCS. Reviews and processes documents received from businesses as a result of a deficiency letter in a timely fashion, and always within the timeframe prescribed by law. Conducts call to businesses 5 days prior to issuing a denial letter to alert the organization that the requirements have not been met and a denial is forthcoming if the necessary information/documents are not submitted right away. This activity should be well documented in notes in DOCS. Prepares cases for Administrative Hearing Officer (AHO) when an applicant has been denied a license and requests a hearing. This involves gathering all necessary documents for AHO and attending the hearings in person to provide information to hearing officer when requested. Contacts businesses whose licenses have been denied 30 days after denial was issued to determine if business is still open and operating. If so, a case is created and sent to Mediation and Enforcement. Logs onto the Automated Call Distribution (ACD) line daily and spends at least 60% of the time in available mode assisting consumers and businesses. Also, retrieves and returns messages from the ACD voicemail on a daily basis and when assigned, retrieves and distributes faxes sent to the Consumer Services fax server. Assists legal staff with research and information gathering when requested and makes court appearances to provide testimony when necessary. Assists management in conducting necessary research and/or providing statistics as requested. Assists management in researching, monitoring and reviewing internal processes to detect inefficiencies and other areas that may need improvement to improve the work flow and assist the division in meeting the department's mission. This position is required to assist co-workers and other sections within the division and perform related work and other tasks as requested by division management. SPECIAL NOTES: The State of Florida is an Equal Opportunity Employer/Affirmative Action Employer and does not tolerate discrimination or violence in the workplace. Applicants requiring a reasonable accommodation, as defined by the Americans with Disabilities Act, must notify the agency hiring authority and/or the People First Service Center (1-877-562-7287). Notification to the hiring authority must be made in advance to allow sufficient time to provide the accommodation. The State of Florida supports a Drug-Free workplace. All employees are subject to reasonable suspicion drug testing in accordance with Section 112.0455, F.S., Drug-Free Workplace Act. VETERANS' PREFERENCE DOCUMENTATION REQUIREMENTS HAVE RECENTLY CHANGED. To obtain revised and updated information on Veterans' Preference documentation requirements, click here. Pursuant to Chapter 295, Florida Statutes, applicants eligible for Veterans' Preference will receive preference in employment for Career Service vacancies and are encouraged to apply. However, applicants claiming Veterans' Preference must attach supporting documentation with each application submission that includes character of service (for example, DD Form 214 Member Copy #4) along with any other documentation as required by Rule 55A-7, Florida Administrative Code. All documentation is due by the close of the vacancy announcement. Applicants may also fax their supporting documentation to People First at 1-888-403-2110. We hire only U. S. citizens and lawfully authorized alien workers. Our agency participates in the E-Verify System which is a federal government electronic database available for employers to use to verify the identity and employment eligibility of all persons hired to work in the United States.",b0dfdea5152ba55090e36903273337f0
370,Microsoft Corp,"Position is in Bentonville, AR &nbsp

Microsoft envisions a world where passionate innovators come to collaborate, envisioning what can be and taking their careers places they simply couldn't take them anywhere else. &nbsp This is a world of more possibility, more innovation, more openness, and sky's the limit thinking - a cloud-enabled world. Our mission is to empower every person and every organization on the planet to achieve more. This mission is ambitious and at the core of what our customers and employees care deeply about. We have unique capability to harmonize the needs of both individuals and organizations. &nbsp We care deeply about taking our ideals and vision global and making a difference in lives and organizations in all corners of the planet. &nbsp We are insatiably curious and always learning. We lean into uncertainty, take risks, and learn quickly from our mistakes. We build on each other's ideas, because we are better together. &nbsp We stand in awe of what humans dare to achieve and are motivated every day to empower others to do more and achieve more through our technology and innovation. Together we make a difference. To learn more about Microsoft's mission, please visit: https://careers.microsoft.com/mission-culture; Check out all our products at: http://www.microsoft.com/en-us; &nbsp

The Impact You'll Be Making? &nbsp Take the opportunity to help reinvent productivity as an EPG Account Technology Strategist. The Account Technology Strategist is a virtual Chief Technology Officer for our customers and engages with customer business and IT decision makers to articulate how Microsoft can enable them to achieve their IT and business goals. &nbsp As an Account Technology Strategist, you will add value by: &nbsp &nbsp

* &nbsp&nbsp&nbsp&nbsp Building Trusted Relationships with customer Decision Makers, including their Chief Technology and Information Officers, and decision makers within the customer's business units. &nbsp

* &nbsp&nbsp&nbsp&nbsp Sharing your broad knowledge of the Microsoft Platform, our competition, and the industry to create a vision of how Microsoft can be the customer's best partner to take their business to new heights. &nbsp

* &nbsp&nbsp&nbsp&nbsp Gathering and sharing broad insights about customers and the IT Technology landscape with your Microsoft colleagues. &nbsp

* &nbsp&nbsp&nbsp&nbsp Demonstrating technical leadership by working with your team and Microsoft resources to leverage Microsoft Cloud Technologies to drive Customer Success. &nbsp

* &nbsp&nbsp&nbsp&nbsp Promote the long-term growth of Microsoft through the adoption and sustained usage of our cloud solutions by customers.

Microsoft Account Technology Specialists are unique in their: &nbsp

* &nbsp&nbsp&nbsp&nbsp Broad knowledge of the Microsoft Enterprise Platform and ability to map relevant Microsoft Technologies to the customers IT and Business needs and priorities. &nbsp

* &nbsp&nbsp&nbsp&nbsp Ability to build long-term Trusted Technology Relationships that result in solid and meaningful Strategic Technology conversations. &nbsp

* &nbsp&nbsp&nbsp&nbsp In-depth knowledge of customers Technology environments. &nbsp

* &nbsp&nbsp&nbsp&nbsp Ability to ensure that customers benefit from the latest Microsoft Innovations and Solutions. &nbsp

* &nbsp&nbsp&nbsp&nbsp Focus on long-term, sustainable Growth. &nbsp

Who we're looking for? &nbsp

* &nbsp&nbsp&nbsp&nbsp Ten-plus years of technology sales experience required. &nbsp

* &nbsp&nbsp&nbsp&nbsp Sales Experience is required. &nbsp &nbsp

* &nbsp&nbsp&nbsp&nbsp Experience in Consultative Selling is highly desired. &nbsp &nbsp

* &nbsp&nbsp&nbsp&nbsp Extensive experience in working within teams is required. &nbsp

* &nbsp&nbsp&nbsp&nbsp Experience in Project Management is recommended. Supervisory experience is preferable &nbsp &nbsp &nbsp &nbsp

* &nbsp&nbsp&nbsp&nbsp Education &nbsp Bachelor's degree in Computer Science or a similar information technology-related discipline required. Master's degree preferred. &nbsp

* &nbsp&nbsp&nbsp&nbsp Certification in sales, sales management, complex sales training, sales methodologies, presentation skills, and consultative selling preferred. &nbsp

* &nbsp&nbsp&nbsp&nbsp Additional training or education in Business, Sales or Marketing preferred. &nbsp &nbsp

* &nbsp&nbsp&nbsp&nbsp Certification in Microsoft or relevant cloud, data center, or mobility technologies recommended.

Microsoft is an equal opportunity employer. All qualified applicants will receive consideration for employment without regard to race, color, sex, sexual orientation, gender identity or expression, religion, national origin or ancestry, age, disability, marital status, pregnancy, protected veteran status, protected genetic information, political affiliation, or any other characteristics protected by local laws, regulations, or ordinances.",b09bea8c866c9e24c0bfa17dee4d4776
40461,Sun Country Health Region,"Cleans and sterilizes surgical instruments/equipment/linens and maintains/distributes sterile supplies for department(s)/facility(s)/region.

Job Qualifications

Required Qualifications

* Sterile Processing Technician certificate

* Grade 12

Experience

Previous: No previous experience.

Knowledge, Skills and Abilities

* Organizational skills

* Basic computer skills

* Communication skills

* Ability to work independently

Other Information

* The official job descriptions are found on the Provider Group website, http://www.working-for-health.ca/supportjobevaluation/

Additional Information

No guaranteed hours. Must be available a minimun of two (2) days per week. Must be available all shifts, short shifts and short notice calls.

Expected Start Date: October 31, 2016

FTE®: 0.00

Working in Canada

Candidates are required to be legally entitled to work in Canada to apply on this position.

Direct Inquiries To

Please submit an application by clicking Apply.

Legal Stuff

© 2016 Physician Recruitment Agency of Saskatchewan & HealthCareersInSaskatchewan. All rights reserved.

*",b01067756ca2a3c90cebd25e3dc51cc7
1946,Providence Health & Services,"Providence is calling a Clinical Chaplain (0.8 FTE, Days) to Providence St. Vincent Medical Center in Portland, OR.

In this position you will:

* Provide spiritual and emotional support and guidance to patients, their families, guests, volunteers, caregivers and physicians.

* Support the decision makers with skills in theology, ethics, and ecumenical approaches to faith communities as applied to healthcare.

Required Qualifications for this position include:

* Master's degree in theology, divinity or a related field

* Certification by National Association of Catholic Chaplains (N.A.C.C.), Association of Professional Chaplains (A.P.C), National Association of Jewish Chaplains (N.A.J.C.), or Canadian Association of Spiritual Care (C.A.S.C.); certification eligible clinical chaplain candidates will be expected to complete their board certification within 2 years of hire date

* Documentation of current ecclesial endorsement or support of sponsoring religious group

* As applicable due to a Ministry''s business needs (i.e. Elder at Home), a valid driver's license and reliable transportation driving record consistent with GOP Safe Driving Policy 330 Incident Point Matrix will be required at time of hire.

About Providence in Oregon

As the largest healthcare system and largest private employer in Oregon, Providence offers exceptional work environments and unparalleled career opportunities.

The Providence Experience begins each time our patients or their families have an encounter with a Providence team member and continues throughout their visit or stay. Whether you provide direct or indirect patient care, we want our patients to feel that they are in a welcoming place where they can be comfortable and free from anxiety. Our employees create the Providence Experience through simple, caring behaviors such as acknowledging and welcoming each visitor, introducing ourselves and Providence, addressing people by name, providing the duration of estimated wait times and updating frequently if timelines change,explaining situations in a way that puts patients at ease, carefully listening to their concerns, and always thanking people for trusting Providence for their healthcare needs. At Providence, our quality vision is simple,

""Providence will provide the best care and service to every person, every time.""

Providence is consistently ranked among the top 100 companies to work for in Oregon. It is also home to two of our award-winning Magnet medical centers. Providence hospitals and clinics are located in numerous areas, ranging from the Columbia Gorge to the wine country to sunny southern Oregon to charming coastal communities to the urban setting of Portland. If you want a vibrant lifestyle while working with a team highly committed to the art of healing, choose from our many options in Oregon.",b010d08aac3a52fa76d1de91adbc6139
2839,Lowe's Companies Inc,"Position Description

Responsible for overseeing the daily activities of hourly associates on the Sales Floor, Front End, Freight, Delivery or Stocking departments. Responsible for training, mentoring, and coaching employees. Also manages associate performance and ensures adequate department coverage through influencing scheduling. Conducts activities appropriate for specific department including, but not limited to, ensuring merchandise is stocked, tracking and reporting relevant metrics, and monitoring project activity. Maintains a safe and secure work environment by conducting daily safety reviews, noting hazards, keeping store areas clean and organized, securing doors and gates, and monitoring for potential theft or security risks. Also responsible for providing superior customer service by assisting customers in locating, selecting, demonstrating, and loading merchandise.

Job Requirements

Requires morning, afternoon, and evening availability any day of the week. Physical ability to move large, bulky and/or heavy merchandise. Physical ability to perform tasks that may require prolonged standing, sitting, and other activities necessary to perform job duties.

Minimum Qualifications

High school diploma or equivalent.

Experience with computer and web-based systems (e.g., email, web based applications, delivery/scheduling systems, online ordering systems, training).

PSA: Ability to travel between stores within market and work overnight and weekends as required AND Licensed driver with reliable transportation AND 2 years customer service or retail experience in a fast-paced retail environment OR 1 year Lowe's store experience.

Front End: 2 years administrative and customer service experience in a fast-paced retail environment, including at least 1 year supervisory experience OR 1 year Lowe's store experience.

Sales Floor: 2 years experience in a fast-paced retail environment (e.g., big-box stores, food service, customer service experience), including at least 1 year supervisory experience OR 6 months Lowe's store sales floor experience.

Internet Fulfilment: 2 years relevant experience in a shipping /receiving environment (e.g., warehouse, distribution), including at least 1 year supervisory experience.

Installed Sales: 3 years relevant experience in a retail environment, including at least 1 year supervisory experience OR 1 year Lowe's store sales floor experience.

AND Reliable transportation to conduct job site visits.

FF/Delivery & Delivery: Require valid state-issued driver s license and 21 years of age AND 6 months experience with in-home delivery OR retail customer service experience.

Freight Flow, FF/Delivery, & Night Stocking: 6 months of stocking/receiving/inventory experience.

Preferred Qualifications

1 year experience working in a retail store OR customer service position.

1 year supervisory experience including coaching/training and evaluating the performance of direct reports.

Various department-specific experience

Lowe's is an equal opportunity affirmative action employer and administers all personnel practices without regard to race, color, religion, sex, age, national origin, disability, sexual orientation, gender identity or expression, marital status, veteran status, genetics or any other category protected under applicable law.",b0166c1ab33606aacd1224362582f137
17467,Kaman Corp,"Description:

Inside Industrial Sales Professionals

KAMAN Industrial Technologies, the largest subsidiary of Kaman Corporation, is a leading distributor of industrial products with over 200 sales and distribution locations throughout North America. Kaman Industrial Technologies' objective is to deliver the greatest total value to make our customers more productive, more competitive, and more profitable.

Due to our continuing growth, we are currently seeking experienced Inside Industrial Sales Professionals in our local branch location!

This key position is responsible for:

* Providing sales and service to external customers.

* Identifying customer needs, providing solutions and recommending new and better products.

* Analyzing price and delivery dates, locating products, creating purchase orders, and providing a high level of service to all customers.

* Growing profitable market share by presenting value-added services & add-ons.

* Processing & expediting orders, in an accurate and timely manner.

* Resolving customer problems, investigating issues, and utilizing supervisors for resolution when necessary.

Minimum Qualifications:

* Self motivated with ability to seek out areas of improvement and offer solutions.

* High school diploma required (Associates degree is preferred).

* 1-2 years in customer service or inside sales.

Preference will be given to those candidates who possess:

* Industrial Distribution or allied industry experience. (Hydraulic, Pneumatic, Fluid Power, Electrical, Power Transmission, Motors, Motion Control, Material Handling, Bearings).

* Office experience & etiquette.

As a growing company and an industry leader we offer a very comprehensive compensation package and benefit program to include:

Ø Your choice of medical insurance providers and plans, Dental & Vision insurance, & Flexible spending accounts,

Ø Company matching 401(k) with a great vesting schedule,

Ø Company paid Life (family) & STD insurances,

Ø Paid Vacation, Sick time,& Company Holidays,

Ø Employee discounted Stock Purchase Plan,

Ø 100% tax free tuition reimbursement,

Ø …and MORE !

For fastest consideration send your resume today!

KAMAN Hires Great People!

We are committed to a safe and drug free environment for our employees! Candidates must successfully pass a post offer, pre-employment drug screen test.

EEO. M/F/D/V Kaman Industrial Technologies recruits, hires and promotes individuals without regard to race, creed, color, religion, age, gender, national origin or ancestry, marital status, sexual orientation, veteran status, or physical or mental disability unrelated to an individual's ability to perform the job, or any other status protected by law, all in accordance with applicable Federal, state or local law.

Requirements:

Education – A minimum of High School Diploma, GED. Associates Degree in Technical discipline preferred.

Experience – Mechanical and mathematical aptitude required. Knowledge of the distribution industry and KIT products preferred.

A valid driver's license may be required.

We are committed to a safe and drug free environment for our employees! Candidates must successfully pass a post offer, pre-employment drug screen test.

Kaman is an EO Employer-M/F/Veteran/ Disability; All qualified applicants will receive consideration for employment without regard to race, color, religion, sex, national origin, disability, protected veteran status, or any other protected class.",b017d19e6fc43357b4edc93326b12cca
35121,British Heart Foundation,"Vacancy details

Position:

Store Manager - Furniture & Electrical

Reference:

8992

Location:

Grantham

Salary:

£21,757 + benefits

Number of Hours:

35 incl weekends

At the British Heart Foundation (BHF), we fight for every heartbeat, everyday. In the last year alone, we`ve invested more than £120m in hundreds of life saving research projects across the UK, and helped countless communities beat heart disease with our prevention, survival and support programmes.

We`re looking for someone to join our award-winning retail division, we`re the largest and most successful charity retailer in the country, with over 560 fashion stores, 175 furniture and electrical stores delivering a vital profit of over £29m a year. We have 3,300 staff and over 25,000 volunteers across the BHF serving 17 million customers a year. Our furniture & electrical stores have had 5.5 million visits in the last year alone.

Reporting to the Area Manager, you`ll be an experienced retailer who wants to use all your retail skills in a very fast moving environment and to know that your contribution will make a lifesaving difference. You`ll be responsible for the achievement of required sales and profit targets for the store, this will be achieved through leading the store team, setting clear objectives and providing guidance.

You will be a proactive, driven, commercially aware and hands on individual. You`ll also have the passion and leadership skills to motivate a team of staff and volunteers through great customer service to maximise income.

In return we`ll provide you with the opportunity to work for an exciting and growing organisation that offers a welcoming and supportive working environment and the opportunity to progress within the business.

35 hours including weekends

Job description attachment:",b01888f1df4e926fd7b449deb3bd5df0
133,Wipfli LLP,"Overview:

Go Beyond the Ordinary. Join Wipfli LLP.

We are excited that you made the decision to consider joining Wipfli LLP, to go beyond the ordinary public accounting and consulting firm. We hope that you find, in Wipfli LLP, the firm where you will meet all of your goals and aspirations in life and work. Guided by our mission statement, ""To contribute to the success of our associates and clients"", we will contribute to your development of technical and soft skills, so you can ensure our clients are successful.

Since 1930, we have grown to be a thriving nationally known firm, with a local presence, and subject matter experts of a large firm, to help our associates and clients, and perhaps you, thrive. All along, the Wipfli Way has guided our associates making our associates and clients successful, and creating a culture that values relationships.

As we begin our relationship with you, we look forward to learning how we can help turn your ideas into realities, and how you will turn the challenges of our clients into opportunities for their success. To further explore more about Wipfli Way and all we have to offer, please go to our website to learn more.

Wipfli, LLP is currently looking for an experienced Seasonal Tax Professional to prepare individual tax returns during the upcoming tax season for our Edina office. Position will prepare mostly individual, small corporate and partnership returns. This will be a Limited Term Employment opportunity for the period of January 18, 2017 through April 18, 2017 with the possibility of rehire for future tax seasons.

Responsibilities:

* Preparing almost exclusively individual, with minimal corporate, partnership and other returns, as well as preparing tax work papers.

Qualifications:

* Significant experience preparing individual returns including all IRS schedules.

* Experience with ProSystems Tax, GoFileRoom, and Adobe Professional, and paperless process.

* Demonstrated understanding and proper application of rules, regulations and codes of conduct of relevant governing bodies (i.e. IRS, AICPA, PICPA, State Boards of Accountancy, etc.

* Excellent attention to detail

* Ability to multi-task and work in a fast paced environment

* Strong computer skills (MS Office, Outlook, etc.) and aptitude to learning new applications

* Ability to organize work, effectively manage a variety of projects and the ability to work accurately while meeting deadlines

* Previous experience with tax processing in a CPA or professional services firm is preferred, but not required

* Previous experience related to small corporate, partnerships and individual tax

* A level of comfort working in a technologically-advanced, non-paper based environment

Women, minorities, veterans and individuals with disabilities are encouraged to apply.

Recruiting Process

Our recruiting team will guide you through our evaluation and interviewing process. We will communicate an update on your status as soon as possible.

The recruiting team member guiding you through this process is Jeannie Siek, and you can find her on LinkedIn HERE.

Follow Wipfli LLP on social media with the links below

Options:",b01bf4869ed752b21ec4bee07cb08c5f
37424,"Mission Health System, Inc","Overview and Qualifications:

Job Summary: Supports department by disassembling, cleaning, assembling, sterilizing, testing, and storing procedure trays, instruments, equipment and supplies according to prescribed procedures and aseptic technique. Also, by completing requests to dispense equipment and supplies, assisting and processing patient charge records and maintaining department inventory. Uses chemicals and appropriate PPE as established protocols and procedures.

Required Education: High School graduate or GED

Preferred Education: Sterile Processing Training or Surgical Technician Training

Required License: SPD Technician Certification or Surgical Technician Certification or obtain within one year of being eligible to sit for the exam (typically after one year of employment).

Preferred License: None

Required Experience: None

Preferred Experience: One to two years as SPD Technician or equivalent

Options:",b01dafd778e65272ce8bd3a38be5da16
11290,EMD Millipore,"职位描述：

* Direct a systematic SFE capabilities with rigor KPIs to drive evidence-based performance management

* Drive the development and delivery of enhanced process and analytical-based automatic system to streamline target allocation, targeting selection, territory deployment and cutstomer segmentation.

* Lead SFE partnership team to provide a deeper understanding of marketplace performance and in-depth insights to shape the productivity

* Work closely with leadership team members in BU; Drive a evidence-based decision-making for SFE capabilities; Foster a data-driven performance management culture in BU

* Collaborate with Business Intelligence and Comercial Training to rollout an initiative of commercial excellence

HR87156",20e35e27473304d3f5de6b19a11518af
11290,EMD Millipore,"Merck is a leading science and technology company in healthcare, life science and performance materials. Around 50,000 employees in 67 countries work to further develop technologies that improve and enhance life – from biopharmaceutical therapies to treat cancer or multiple sclerosis, cutting-edge systems for scientific research and production, to liquid crystals for smartphones and LCD televisions.

Your role: As Transformation & Project Management Officer, you support transformation and other project teams in performing their key responsibilities in the Accounting Solutions & Services (FO-A) organization. You are required to effectively navigate within the complexities of different transformations or other projects (e.g. ERP implementations) to provide extended administrative support. You prepare and maintain project documentation including project plans, organize meetings/calls and respective minutes, process system access requests, coordinate travel arrangements and conduct other administrative tasks as needed. Moreover, you support in monitoring, reporting and controlling of budgets, actions, risks and issues. Overall, you understand complex interdependencies between project teams and the broader organization to provide your support with the utmost professionalism, engagement and confidentiality required.

Who you are:

* University degree (business related) preferred

* Minimum 5 years of related professional experience with increasing responsibility in supporting transformation/project teams in a fast-paced global and matrixed environment

* Advanced knowledge office software packages (Word, Excel, PowerPoint)

* High team orientation

* Strong organizational skills, ability to multitask and willingness to follow-through

* Excellent interpersonal communication skills - written, oral and listening

* Fluent English language skills required

What we offer: Your possibilities to develop in our growing company are just as manifold as our product portfolio. We offer a modern and international working environment to unleash your innovative potential in diverse teams, and take responsibility for our employees, products, the environment and society.

Curious? Apply and find more information at come2merck.com",20e69166b351f5fab9d3c68d917ff87c
37229,"Bojangles' Restaurants, Inc.","Our Shift Leader is a part time position. The Shift Leader is responsible for the operation of a Bojangles' restaurant during their assigned shift to include Quality/Service/Cleanliness, maintaining excellent guest relationships, assisting in the development of best in class team members, and achieving financial responsibilities. Responsible for food production and labor deployment, cash control, and initiating corrective actions. Ensures the restaurant operation is in compliance with all local jurisdictional/federal and regulatory compliance standards.

Serves as a role model for Bojangles' Core Values, Servant Leadership and actively engages as a Brand Ambassador within the community.

Job Duties and Responsibilities:

* Ensure Quality/Service/Cleanliness standards are maintained at all times during shift. Takes corrective action immediately on any deficiencies in order to protect the Brand.

* Assist in ensuring Food Safety systems and processes are understood, implemented, and in compliance in order to protect our guests and meet jurisdictional requirements and Bojangles' standards.

* Model Servant Leadership by communicating our Vision and Values through actions, examples, and daily performance.

* Perform necessary tasks to meet operational standards with limited direct supervision.

* Maintain operational efficiencies through effective use of inventory and labor controls, organization, and time management.

* Perform assigned daily maintenance and cleaning activities.

* Understand and uphold company safety and security policies and procedures including cash management.",20f04541603f4c427b5bce780d2ed1bf
39741,DSM Nutritional Products Asia Pacific Pte Ltd,"The Challenge

The Supervisor will coordinate the premix production area in order to meet/maintain the production: the required time, cost, quality and safety (SHE) standards.

If you are able to ensure that the plant is in good condition for day-to-day operations, this position might be for you!

The Position

* Coordinate the premix production, guiding, prioritizing, following the process through of indicators and reports, solving relevant operational order to meet/maintain the production schedule within the time, cost and quality standards and (SHE) required;

* Perform formulation of production batches, evaluating the characteristics of the ingredients in the formulas and characteristics of each mixing equipment;

* Analyze daily production schedules and production reports, checking general data on quantities produced, equipment maintenance, product transport finished etc., in order to optimize resources and guarantee the required levels;

* Monitor KPI actively (Performance indicators) always working proactively to avoid stoppages, failures, operational incidents and accidents;

* Manage production in its areas according to the Quality criteria;

* Monitor critical operations to ensure safe conditions;

* Look after the operating conditions of the area's equipment, requesting maintenance of the repairs;

* Supervise the team under its responsibility, selecting, training, evaluating the performance Always act according to the DSM values and behaviors respecting the policies, processes and procedures of the Human Resources area;

* Perform control of budget, CAPEX and Headcount in your area as well as area indicators;

* Respond to the area and monitor the execution of internal and external audits, in order to identify the needs for changes and the relevant modifications that enable the collection and maintenance of certifications.

The Ideal

* Relevant previous experience in production area;

* Team management experience;

* Complete higher education (preferably Pharmacy or Food Engineering;

* Desirable: Post graduation in Production Management and/or related areas;

* Advanced English (mandatory);

* Spanish desirable;

* Desirable knowledge in SAP and budget control.

The Procedure and Contact

Interested in this role? Please apply on-line by sending us your CV & motivation letter in English.

Reference check procedures are part of the DSM Recruitment & Selection Process. You will contacted when these references checks are required.",20f34f24fc5d3c7d58e36531ceabb113
11290,EMD Millipore,"Merck is a leading science and technology company in healthcare, life science and performance materials. Around 40,000 employees in 66 countries work to further develop technologies that improve and enhance life – from biopharmaceutical therapies to treat cancer or multiple sclerosis, cutting-edge systems for scientific research and production, to liquid crystals for smartphones and LCD televisions.

SITE PROGRAM MANAGER

(Guidonia Montecelio - Rome)

Your Role

As Site Program Manager, you drive, coordinate, report and monitor on the site all Development activities related to the molecule's product development projects, representing Guidonia Site in the relevant manufacturing project team and acting as the interface between the site and the Biotech CMC Program Leader.

Your key responsibilities are to be the site representative in the molecule's development projects, and drive them in line with to the business needs; ensure the interface between the global manufacturing and supply team and the site, to provide relevant information on for project planning and to facilitate project activities progression in the site; to provide the site with all the information aimed to the preparation of the projects budget; to coordinate activities assigned to the site, together with the relevant departments; to interact with external collaborators in the frame of the global manufacturing and supply team; to consolidate and manage the site project reporting; to monitor and report progress and performance for the site activities related to the molecule's projects; to provide molecule expertise/innovation and enrich the molecule knowledge in the site; to lead Site Molecule project team when it is nominated on the basis of the urgency or criticity of the project.

Who you are

* You have a Master Degree in Chemistry, Biology, Pharmacy or Industrial Bio - Technology.

* You have a previous laboratory and management experience (at least 3 years) in an analytical development and/or pharmaceutical development laboratory, testing active principles, in a Biotech. Company

* You can count on Project Management Experience

* You have excellent communication and presentation skills

* You are assertive and able to to manage in an effective manner the information

* You have a good budgeting skills and costs consciousness

What we offer: Your possibilities to develop in our growing company are just as manifold as our product portfolio. We offer a modern and international working environment to unleash your innovative potential in diverse teams, and take responsibility for our employees, products, the environment and society.

Curious? Apply and find more information at come2merck.com",20f44654d036249e47a88be75ab684f4
21873,New World Van Lines,"New World Van Lines, Inc. is family owned and operated, 3rd generation business since 1919. We are a stable, privately owned, growing corporate Household Goods (HHG) carrier headquartered in Chicago along with 14 other Service Centers across the United States with hundreds of trucks to serve our clients. We are in need of Drivers and Movers to join our team.

PURPOSE:

Perform duties to ensure that all customer moves are handled in a safe, efficient, timely and professional manner.

DUTIES:

* Lead the packing, loading, inventorying, unloading, inventory check off and unpacking of household goods from originating location to designated destination.

* Conduct pre and post trip inspections.

QUALIFICATIONS:

HHG packing/unpacking experience preferred

Professionalism Customer Service Skills Able to travel 2-3 weeks at a time

Able to pass a criminal background, MVR, physical and drug test

BENEFITS

We offer an excellent comprehensive benefits package including: Medical, Dental, Vision, Life and Disability insurances, paid holidays and vacation, 401K employer match benefits.",20f6136ff9700739fa0c440b47578ecf
39797,Axis Communications AB,"Category: Electrical Engineering / Computer Science

Scope: 2 students completing 30 credits (20 weeks) each.

Background

Axis Communications uses an increasing number of devices connected together e.g. Network Door stations, Cameras, IP Audio and Physical Access Control Systems. Although Ethernet with e.g. TCP/IP is the primary way of communication between devices, it is not always the most appropriate or cost effective way.

Goal

* Investigate different methods of cable bound communication between a larger main device and smaller auxiliary devices, both from an electrical and a protocol perspective.

* Evaluate parameters, e.g. cost, efficiency, performance, etc. for different solutions.

* Use results from evaluation to suggest an optimized solution.

* Build prototype of one or more of the solutions.

Who are you?

This work is targeted for two students that have a good understanding of both hardware design and software / protocol and are prepared to take on the challenge to make the system design.

More Information

For more information contact Charlotte Gunsjö at charlotte.gusnjo@axis.com

Carl Hansson at carl.hansson@axis.com

OK, I am interested! What do I do now?

You are valuable to us – how nice that you are interested in one of our proposals! There are a few things for you to keep in mind when applying.

Applications are accepted in both Swedish and English, and you apply via the proposal advert.

* The announced theses are open only to students affiliated with a Swedish university/college either directly or via an exchange program.

* When the thesis proposal states that it includes two students working together, we would like you to apply in pairs. In these cases, send one application each but make sure to clearly state in your application who your co-applicant is. If you have any questions regarding this, please do not hesitate to contact us.

* Please attach your CV and University/college grade summary.

We look forward to hearing from you!

Questions?

Do not hesitate to contact Therese Ruland at +46 46 272 1800.",20f744ebb709f1139f2925bc1de778c2
17295,"Cinch Home Services, Inc","General Purpose of Position

This position will receive and process incoming service requests/claim calls from customers and clients. Will provide general customer service including establishing service initiation and providing assistance to customers and clients throughout the service delivery process. Position will be able to provide service on multiple warranty and/or service products, including data entry and navigation of applicable claims and product systems.

Summary of Responsibilities

* Answering inbound service requests and telephone calls from customers/clients

* Utilizing customer service skills to answer questions and take appropriate action relating to customer requests/inquiries

* Capturing information and entering data in computer in a timely manner

* Processing customer service delivery, including service initiation and general customer service through out service/claim process.

* Documenting disposition of calls through applicable database and/or reporting

* Processing customer claims and follow up as needed to ensure claims are resolved timely

* Additional duties as assigned

Office environment, no major discomforts other than moderate noise from standard office environment and equipment

Education/Experience/Other Requirements

* Minimum six (6) months experience in a high volume customer service environment (call center)

* Strong oral and written communications

* Strong customer service and organizational skills

* Ability to perform in a fast pace environment

* High school diploma or equivalent

* Basic PC and software skills

Are you a returning applicant?

Previous Applicants:

Email:

Password:

If you do not remember your password click here.",20f977299c91d62c88005e9f295427ac
409,Cisco Systems Inc,"What You'll Do

On the solutions team, we ensure that disparate products get brought into a sellable solution to the customer. This is Cisco's advantage over myopic competitors. Instead of one point in the network, we are all the points.

The solutions team is looking for a hands on network engineer that can set the right baud rate one day and design a network for layer 2 extension over WAN the next. A solid understanding of the switching, routing, wireless, and datacenter market is a must.

Ultimately, you will create designs, test them in the lab, create documentation, like CVDs, and other collateral that will help sell Cisco products. All the while, you are expected to drive the direction of Cisco products to ensure a solid solution.

Who You'll Work With

The solutions team is made up of a group of seasoned individuals; you will collaborate with these folks on a daily basis to ensure that your solutions cross functions with all others. At the same time, you will be working with stellar folks from marketing, engineering, and sales to ultimately ensure that our solutions are ready for prime time.

If you are looking for a place where you won't be the smartest person in the room, look no further.

Who You Are

Again, we are looking for someone hands on. We also need someone who has designed networks in the past and understands the market. Solid English communication skills paired up with writing skills is a must. Team work is essential, so we expect someone who can play nice.

More Specifically:

WAN Design and Deployment Experience

Campus LAN Design and Deployment Experience

Wireless LAN Design and Deployment Experience

Technical Documentation Authoring Experience

Why Cisco

We connect everything: people, processes, data, and things. We innovate everywhere, taking bold risks to shape the technologies that give us smart cities, connected cars, and handheld hospitals. And we do it in style with unique personalities who aren't afraid to change the way the world works, lives, plays and learns.

We are thought leaders, tech geeks, pop culture aficionados, and we even have a few purple haired rock stars. We celebrate the creativity and diversity that fuels our innovation. We are dreamers and we are doers.

We Are Cisco.",201eb069465c383069dc5db2f23f0b84
3782,Computershare Ltd,"This is a temp assignment expected to last 3 to 4 months starting in May.

SUMMARY

Responsible for managing all revenue aspects of the General Ledger and Financial Statements, including managerial reporting, assisting with SEC reporting and compliance, and development and implementation of policies and procedures around the new accounting responsibilities. Directly interacts with NA Controller, Individual Product Controllers, Sr Management, and CFO on a regular basis. Directly interacts with internal and external examiners and provides back-up, analysis and interpretation of accounting guidance.

ESSENTIAL DUTIES AND RESPONSIBILITIES include the following. Other duties may be assigned.

* Records revenue & revenue accruals for month end close; including fee revenue; maintenance revenue; shareholder paid fees & client paid fees and Recoverable Revenue.

* Knowledge & indepth understanding of revenue recognition literature along with ability to analyze complex contracts to identify revenue recognition opportunities.

* Prepares monthly balance sheet analytics and financial statements related to all revenue and revenue related accounts.

* Liaison with product controllers on monthly close analysis specifically relating to revenue.

* Responsible for key balance sheet account preparation which are effected by recognizing revenue during monthly close

* Responsible for product & cost centers related questions.

* Responsible for ensuring the company's financial policies are adhered to

* Contribute to the fiscal soundness, operating effectiveness and regulatory compliance of the unit by developing processes and procedures to ensure delivery of accurate, timely and relevant financial information to stakeholders.

* Prepare audit work papers for assigned areas of responsibility

* Assist with any special projects as needed and completes monthly ad hoc analysis as required

* Prepare detail process flow documents / document current internal controls along with recommending improvements to current accounting processes & current control environment.

* Ability to effectively work directly with internal & external auditors.

* Prepare and review monthly journal entries to the General Ledger.

* Prepare month-end Balance Sheet Schedules for the reconciliation book with required supporting documentation.

The above information on this description has been designed to indicate the general nature and level of work performed by employees within this classification. It is not designed to contain or be interpreted as a comprehensive inventory of all duties, responsibilities and qualifications required of employees assigned to this job.

QUALIFICATIONS

To perform this job successfully, an individual must be able to perform each essential duty satisfactorily. The requirements listed below are representative of the knowledge, skill, and/or ability required. Reasonable accommodations may be made to enable individuals with disabilities to perform the essential functions.

Extended hours will be required during month-end close and during mid-year and annual audit periods; including weekends. The Parent Company is listed on the Australian Stock Exchange; as such; adhering to a 3 – 5 day close process will include working some Holidays including but not limited to July 4th & Labor Day. To foster team environment and cooperation amounst the accounting team; extended hours normally is in the office and not a work from home environment.

Education/Experience

Typical background includes a Bachelor's degree in Accounting and 3 - 6 plus year's related experience or equivalent combination of education and /or experience of which 2 years in a CPA Firm.

Computershare is an Equal Opportunity Employer. Qualified applicants will receive consideration for employment without regard to race, color, religion, sex, sexual orientation, gender identity or expression, national or ethnic origin, age, disability, protected veteran status, or other characteristics protected by applicable law.

'112860",2021fb3647953eedd79802ca63907cfd
1113,Cape Fear Valley Health System,"Cape Fear ValleyCape Fear Valley Health has grown from a community hospital to a 916-bed regional health system. Cape Fear Valley Medical Center, its flagship hospital, is a state-designated Level III Trauma Center. It also specializes in cardiac care, cancer treatment and surgical services as well as neuroscience, physical rehabilitation, orthopedics and more. Services for children include a pediatric emergency department, pediatric intensive care unit and a Level IV neonatal intensive care unit. A private, not-for-profit organization with more than 1 million patient visits annually, it has eight hospitals with 7,000 employees and 850 physicians.

Our physicians and facilities serve a six-county region of southeastern North Carolina that includes Fayetteville, Fort Bragg, Hope Mills, Raeford, Spring Lake, Lumberton, Elizabethtown, Clinton, Lillington, Dunn, and beyond. Cape Fear Valley Health’s medical facilities include Cape Fear Valley Medical Center, Highsmith-Rainey Specialty Hospital, Cape Fear Valley Rehabilitation Center, Behavioral Health Care, Bladen County Hospital, Hoke Hospital, Central Harnett Hospital, Betsy Johnson Hospital and Health Pavilion North as well as numerous primary and specialty clinics spread throughout the Cape Fear region.

A half-century after its opening day, Cape Fear Valley Health is the healthcare provider of choice for thousands of families in the Cape Fear Region. Our mission is ""providing exceptional healthcare for all our patients."" To fulfill our mission, we strive to hire healthcare professionals with an exceptional level of passion for patient care. We empower our employees with a dynamic work environment, on-going professional growth opportunities and competitive salaries and benefits.The emotional rewards are worth the investment in our 44-bed Neonatal Intensive Care Unit. We offer a 23-bed Intermediate Care Nursery, plus a 21-bed Level IV unit. Our team includes four board-certified neonatologists, as well as neonatal nurse practitioners. Patients are referred from throughout the region because our reputation is outstanding for neonatal intensive care.

Our NICU is known for its teamwork, and many nurses have worked here for more than 10 years. We have a high level of professionalism and an expectation that nurses will continue their professional development. We currently have 16 nurses on the Clinical Ladder!Job SummaryPlans and implements professional nursing care for patients in accordance with hospital policies. Assumes charge nurse responsibilities as assigned.Job QualificationsCurrent licensure in North Carolina as a Registered Nurse or Compact state licensure.

Graduate of an accredited Registered/Professional Nursing program

Add To Cart",202220080868bf9fd980948f0f903f6c
26377,Popsugar,"The Manager, Insights is a new position at POPSUGAR reporting to the Vice President of Consumer Insights. The position sits within POPSUGAR's Media Division and is critical to the company's sales strategy -- developing insights to drive long-term brand partnerships.

The Manager, Insights will serve as a strategic category consultant to our sales organization, working directly with our Brand Partners, Brand Strategy & Innovation, and Account Management teams to develop custom insights-driven market analysis for our external clients. The mission of the Manager is to educate internal and external clients on developing category trends, and category developments. Using a mix of 1st party, 3rd party, and other applicable sources, including original research, the Manager will communicate category level insights by developing presentations and by developing original content for POPSUGAR Insights (insights.popsugar.com). The Manager will have a strong knowledge of primary research techniques, be able to manage multiple client projects efficiently, and will be responsible for developing category-specific presentations that effectively communicate developing category trends.

Responsibilities:

* Use insights to drive long-term brands partnerships as part of POPSUGAR's Bakery

* Leverage 1st and 3rd party data from vast data sets to uncover insights relevant to specific advertiser categories (i.e. beauty, retail, CPG) and brand partners

* Develop marketing stories based on insights and presenting to external partners

* Synthesize and communicate insights across the organization to help shape the strategy development for various teams

Experience:

* 3-5 years experience in insights, strategy, or marketing analytics, preferably with 5+ years of digital experience

* Familiarity with competitive research activities (competitive analysis, audience analysis)

* Experience working with Adobe Analytics, comScore, and other research and analytics tools

* Working knowledge of statistical modeling techniques

* Strong experience with Excel, PowerPoint, Keynote, and other presentation software. Experience with data visualization tools a plus

Skills:

* Excellent verbal and written communication skills

* Demonstrates ability to be strategic, analytical, and tactical

* Strong interpersonal and communication skills; solid team player required

* Strong quantitative and qualitative analytical skills

About POPSUGAR Inc.

POPSUGAR Inc. is a global media and technology company that is parent to lifestyle media publisher POPSUGAR, digital shopping platform ShopStyle, and monthly subscription box POPSUGAR Must Have. Together, the brands attract more than 100 million visitors worldwide and 2.4 billion monthly content views, with each brand being a leader in its space.

POPSUGAR Inc. operates internationally in Australia, Canada, France, Germany, Japan, China, the Middle East, and the UK, with offices in San Francisco, New York, Los Angeles, Chicago, and London. The company is privately held and funded by Sequoia Capital and IVP. For more information about POPSUGAR Inc., visit corp.popsugar.com.

POPSUGAR is dedicated to fostering a diverse and inclusive company culture. We celebrate our differences and embrace the varying ideas, interests, and life experiences that make us who we are. As a company with a mission to inform and inspire people all over the world, we believe that employing individuals with diverse backgrounds is essential to building a successful, creative, and innovative business.

We work hard, play nice, and welcome those who do the same.",2024784cb14f7b526e8b47bb06fed570
17182,Amarr Company Inc,"Job Responsibilities:

1. Responsible for the assembly of commercial track.

2. Responsible for the quality of material being assembled.

3. Must be knowledgeable on all track department materials.

4. Responsible for safe and efficient assembly of commercial track assemblies.

5. Responsible for the accurate and timely completion of the required production documents.

6. Responsible for keeping work area clean and organized.

7. Any other duties as required.

Physical Requirements

* Standing/Walking: Job requires standing throughout the entire shift. Short distance walking of 5-15 feet on a periodic basis during the shift, depending upon the position assigned.

* Lifting/ Carrying: Job requires lifting and stacking of banded door panels to various levels. Maximum required individual lifting limit is forty-five (45 pounds). Must be able safely work with another team member to carry or lift door panels in excess of forty-five pounds. Frequency of lifting and carrying is job task dependent.

* Pushing and Pulling: Pushing of carts is often required. Occasional pulling to steer the cart is required A force of 50lbs is required to move a loaded cart. Pushing forces required in excess of 50 lbs requires two persons.",2024ea01b0b0078be9b0e70a17eb838e
36274,The Finish Line Inc,"This is a summary of some of the key duties, responsibilities, and physical demands expected of this position. It is not intended to be a complete job description.

Position Title: Assistant Manager

Summary:

Assists Store Manager in all aspects of daily shift management by performing the following duties. Employees in this position must be at least 18 years or older, except where such requirements are prohibited by law.

Sample Responsibilities:

* Assists Store Manager in all aspects of daily shift management, including customer relations, inventory control, procedural tasks and paperwork, as well as visual merchandising.

* Maintains both individual and shift sales.

* Provides daily shift floor coverage.

* Trains Sales Associates.

* Supervises POS.

* Provides security & loss prevention in store.

* Oversees contest management (Tracking Results & Coaching Performance).

* Organizes shipments, transfers & merchandise.

* Performs maintenance of store.

* Opens and closes store.

* Holds accountability for store sales and metrics.

* Holds accountability for stock and merchandise flow.

* Maintains company standards regarding personal and store sales/performance metrics.

Physical Demands – The physical demands described here are representative of those that must be met by an employee to successfully perform the essential functions of this job. Reasonable accommodations may be made to enable individuals with disabilities to perform the essential functions.

* Requires standing approximately 5 – 8 hours per day usually 3 – 5 days per week.

* During peak sale periods (e.g. Holiday, Back-to-School), will work for long periods throughout a 1 – 12 hour day.

* Requires stooping and kneeling to place merchandise on customer's feet as well as reaching and pulling to obtain or stock merchandise on storage racks.

* May be required to climb ladder or ascend/descend stairs in order to stock and/or acquire merchandise for sale.

* Required to lift items weighing 5 – 25 lbs regularly. In certain circumstances, weights may be higher.",202713524e3c6c2078915b83004cc7b0
1707,HSBC Holdings Plc,"Participates in periodic functional reviews of assigned areas within the U.S. Compliance teams, in accordance with a risk based methodology and in support of the Global Assurance Operating model under the direct supervision of Immediate Supervisor or Review Lead. Performs ad-hoc assignments as directed by Immediate Supervisor or Review Lead. Interacts with Compliance team within assigned area.

Impact on the Business

* Using risk based testing strategies, reviews and assesses area(s) of responsibility in the U.S. Compliance Functions in accordance with the planned review schedule.

* Coordinates administrative aspects of conducting a functional review (e.g., scheduling, sending out request lists, tracking information received, etc.).

* Completes workplan and prepares workpapers supporting work performed.

* Supports the preparation and issuance of reports for each functional review.

* Maintains up to date records of the implementation of review recommendations.

* Assists with the production of management information in relation to the reviews undertaken.

* Makes recommendations to manager to improve effectiveness and efficiency of the team.

* Works independently on less complex aspects of reviews that have direct impact on alignment to the Global Assurance model.

* Provides support to Team Leads on an as needed basis.

Customers / Stakeholders

* Global Compliance Officers

* Regional Compliance Officers

* Heads of U.S. Compliance Teams

* Heads of U.S. business teams

* Lines of business and functions Executive Management

* Group Compliance

* Group Audit

* U.S. Risk

Leadership & Teamwork

* Demonstrates a strong, consistent work ethic, producing a quality work product within established deadlines.

Operational Effectiveness & Control

* Adheres strictly to compliance and operational risk controls in accordance with HSBC and regulatory standards, policies and practices; reports control weaknesses and compliance breaches

* Reviews activities of assigned area(s), to ensure compliance with applicable internal policies and procedures and external regulations.

* Maintains a current knowledge of industry compliance initiatives pertaining to areas of responsibility and best practices.

* Assists in drafting, editing and maintaining of departmental written policies and procedures.

* Discharges the accountabilities set out in the Regulatory Compliance Operating Model, the Compliance Section of the Global Risk FIM and the Global Standards Manual by proactively assisting management in identifying and containing compliance risk, monitoring, reporting and validating remediation efforts, fostering a compliance culture and optimizing relations with regulators.

* Helps implement Group compliance policy locally by managing compliance risk in conjunction with Global and Regional Compliance Executive Management.

* Complete other responsibilities, as assigned.

Major Challenges

* Interacts with the diverse range of compliance complexities supporting multiple business units and functions..

* Manages a range of complex tasks with competing priorities and aggressive deadlines.

* Executes tasks in a dynamic and evolving department.

Role Context

* Acts as part of a team which will conduct assurance reviews on all second line of defense compliance functions within the U.S.

* Supports the development and implementation of a schedule of reviews of all U.S. Compliance functions, in accordance with the Regulatory Compliance Operating Model, the Global Standards Manual, applicable FIMs, and the Compliance Risk Management Program.

* Assists and works alongside other members of the team and makes decisions based on knowledge and experience. When unsure, guidance should be sought from Immediate Supervisor or specifically assigned Review Lead.

* Interacts effectively with all levels of Compliance teams and the businesses they support as warranted.

* Has the ability to learn quickly, research and document compliance gaps with clarity and factual accuracy.

* Works effectively in a dynamic and changing environment. Acts proactively and develops and suggests ideas for enhancements to the team's activities.

* Limited travel within the U.S. may be required to Compliance teams based outside New York City.

Management of Risk

* Ensure compliance, operational risk controls in accordance with HSBC or regulatory standards and policies; and optimize relations with regulators by addressing any issues.

* Adheres to HNAH's Statement of Business Principles and Code of Ethics.

* Optimizes relations with regulators by addressing any issues.

* Promotes an environment that supports diversity and reflects the HSBC brand.

* Is aware of Business Regulatory Risk associated with the business. Monitors in accordance with the Principal Accountability set out above.

Observation of Internal Controls

* Maintains HSBC internal control standards, including timely implementation of internal and external audit points together with any issues raised by external regulators.

* As appropriate for the role, ensures alignment with regulatory requirements, the Compliance of FIM, HNAH's BSA/AML Policy, other Group policies and all related policies and procedures.

* Provides support to ensure Assurance is aligned to regulatory requirements, the CRMP Manual and other Group policies.

Knowledge & Experience / Qualifications

* Minimum of Bachelor's degree in related business field, or comparable experience required.

* Minimum five to seven years proven and progressive compliance and/or audit experience, preferably in the financial services sector; experience in both audit and compliance is a plus.

* Experience of a wide range of business activities and product lines within the financial services sector

* Strong analytical and organizational skills.

* Proven ability to learn and understand new areas and concepts in a short period of time.

* Proficiency with personal computers and Microsoft office software applications.

* Demonstrated understanding of Group Standards Manual (""GSM"") and FIM requirements, a plus

* Excellent communication skills both oral and written.

* Proven ability to manage conflicting priorities effectively and proven ability to meet challenging deadlines.

* Ability to perform job responsibilities in a newly formed department.

* Demonstrated tenacity to follow issues through to resolution.

* FINRA Series 7, 9, 10, 24, 63 and/or 79 licensing a plus.

* CIA, CPA, CRCM, CFSA and/or CAMs certification a plus.

EEO/AA/Minorities/Women/Disability/Veterans",20284c1c7ec3a05222acc4c9a9e02384
24900,Leslie's Poolmart Inc,"Job Description

Your ideal job?

* The perfect summer job with a great company!

* A fun work environment with the potential for promotionalopportunities!

* Flexible work shifts

Our ideal candidate:

* You're outgoing and super friendly.

* You love engaging with people and getting toknow them.

* You are respectful, responsible, and a quicklearner.

* You have extraordinary customer service skills.

* You can lift over 50 lbs. with or withoutassistance.

What you'll be doing as a Seasonal SalesAssociate:

* Delighting customers by providing solutions totheir pool needs.

* Conducting wateranalysis and mechanical repairs.

* Maintaining a clean store environment for our customers.

* Moving products off trucks and displaying them on shelves.

Job Requirements

Why shouldyou work for Leslie's?

As the leading pool supply retailerin the nation, Leslie's recognizes that the most critical component to ourcontinued success is our people. With over fifty years of quality products andservice, there is nothing we value more than the development and growth of ourteam.

Our internal promotion ensures that the vast majority (85%)of all open positions are filled from talent within our company. This seasonaljob can become your career with Leslie's!

We offer full training, competitive compensation, acomprehensive and flexible benefits package, team member discount, and rewardsto top performers. Most importantly, we offer opportunity.

Stop treading water; your career ishere!

Primary Location: USA-FL-Fort Lauderdale

Work Locations: #0509-Fort Lauderdale (#0509) 2402 N. Federal Highway Fort Lauderdale, 33305

Job ID: 170011T8

Job: Retail

Organization: D045",2029dbf6ca9b5fe1026fe789bb4d018b
24900,Leslie's Poolmart Inc,"Job Description

Your ideal job?

* Theperfect summer job with a great company!

* Afun work environment with the potential for promotional opportunities!

* Work shifts that are flexible.

Our ideal candidate:

* You're outgoing and super friendly.

* You love engaging with people and getting to know them.

* You are respectful, responsible, and a quick learner.

* You are at least 18 years of age and have extraordinary customerservice skills.

* You can lift over 50 lbs. with or without assistance.

What you'll be doing as a Seasonal Lead Sales Associate:

* Delighting customers by providing solutions to their poolneeds.

* Conducting water analysis and mechanical repairs.

* Maintaining a clean store environment for our customers.

* Moving products off trucks and displaying them on shelves.

* Opening and closing the store.

Job Requirements

Why you should work forLeslie's?

As the leading pool supply retailerin the nation, Leslie's recognizes that the most critical component to ourcontinued success is our people. With over fifty years of quality products and service,there is nothing we value more than the development and growth of our team.

Our internal promotion ensures that the vast majority (85%)of all open positions are filled from talent within our company. This seasonaljob can become your career with Leslie's!

We offer full training, competitivecompensation, a comprehensive and flexible benefits package, team memberdiscount, and rewards to top performers. Most importantly, we offeropportunity.

Stop treading water; your career ishere!

Primary Location: USA-OH-Columbus Gahanna

Work Locations: #0858-Columbus (#0858) 5069 Hamilton RD Columbus, 43230

Job ID: 1700135O

Job: Retail

Organization: D035",202bcd1e85c3d9ec2a5baf3eb18fb16d
2819,Santander Bank,"Mortgage Loan Officer - Southern Jersey Beach Area-1703087

Description

Mortgage Loan Officer / Mortgage Retail Development Officer

As a member of Santander's retail banking division, you'll help serve Santander's retail and small business customers as part of one of the top banks in the United States based on deposits. With principal presence in the northeast U.S., Santander's retail division offers consumer and lending products to help our customers reach their financial goals. Santander currently serves nearly 2 million retail customers and 5.2% of the 2.7 million small businesses in the US footprint have a transactional account with Santander Bank.

Santander Bank is seeking Mortgage Loan Officers for our expanding Mortgage Department.

The Mortgage Loan Officer is responsible for:

* Soliciting mortgage loan customers, industry contacts and groups to capture mortgage loan business.

* Interviewing applicants to obtain pertinent information regarding their loan needs.

* Initiating the lending decision process.

* Providing service to customers seeking mortgage loans.

* Ensuring compliance to Retail Mortgage Lending policies and procedures. Performing work in conjunction with outside sales including completing loan applications and paperwork and preparing marketing/sales materials.

* Updating databases of loan products for sale and referral services.

* Calling, writing and e-mailing clients or prospects.

* Assisting in coordinating marketing and training programs.

* Studying and evaluating new activities, policies, programs, services and markets related to business development strategy.

* Working with team members in Mortgage Banking Division and other departments to provide information for prompt processing and closing of residential mortgage loan applications.

* Maintaining current knowledge of trends and developments in local real estate market as well as regulations concerning residential mortgage lending.

* Providing service and overseeing all actions during the loan origination process for managing the relationship with the customer ensuring that the mortgage loan closes based upon mutually acceptable terms.

* Developing and cultivating self-generated referral sources and partnerships with retail branches.

* Managing mortgage pipeline, assisting customers, inputting applications, and reviewing financial and credit data.

* Preparing marketing plans and cross-selling other bank products and services.

Qualifications

* High School graduate or equivalent.

* 2+ years of Retail Mortgage lending work experience is required.

* Demonstrated proficiency in residential mortgage origination, FHA &/or Jumbo experience preferred but not required.

* Knowledge of mortgage loan regulatory requirements and residential loan products.

* PC proficiency.

* Proven sales track record.

* Strong verbal and written communication skills.

* Ability to assess financial needs and the ability to work with minimal supervision is essential.

In compliance with the requirements outlined within the Compensation Requirements under the Truth-in-Lending Act (LO Comp Rule) effective January 1st 2014; Santander Bank will now perform a credit check as part of, and in addition to, the existing background check for all positions where one must perform job functions of a loan originator as defined by the LO Comp Rule.

Job:Mortgage Products

Primary Location:New Jersey-Pine Beach

Schedule:Full-time

Job Posting:Mar 31, 2017, 11:44:48 AM

AN EQUAL OPPORTUNITY EMPLOYER M/F/Vet/Disabled/SO",20304fd0b98b2092ab552f77daaa9bb2
13552,Hanger Inc,"Overview:

With a mantra of Empowering Human Potential, Hanger, Inc. is the world's premier provider of orthotic and prosthetic (O&P) services and products, offering the most advanced O&P solutions, clinically differentiated programs and unsurpassed customer service. Hanger's Patient Care segment is the largest owner and operator of O&P patient care clinics nationwide. Through its Products & Services segment, Hanger distributes branded and private label O&P devices, products and components, and provides rehabilitative solutions to the broader market. Built on the legacy of James Edward Hanger, the first amputee of the American Civil War, Hanger is steeped in 150 years of clinical excellence and innovation with a vision to be the partner of choice for products and services that enhance human physical capability. Collectively, Hanger employees touch thousands of lives each day, helping people achieve new levels of mobility and freedom. Hanger, Inc. is an equal opportunity employer - female/minority/disability/vet.

Position Summary:

Medical Office Administrator will provide the highest level of customer service to patients, fellow employees and referral sources through the coordination and administration of the ""front office"" activities. Typical responsibilities include all aspects of the clinic administrative operations from scheduling appointments, validating insurance and payment authorization, inputting claims, processing payments, performing account collections, conducting billing research and responding to telephone inquiries. Ensure billing for all services provided is accurate, timely and fully documented. Provide efficient cash collection through excellent reimbursement practices while ensuring compliance with relevant laws, regulations and established Company policies and compliance programs.

Responsibilities:

Depending on the operational requirements and size of the Hanger Clinic, this position may include some or all of the functions or roles listed below:

Patient Check In:

* Responsible for all aspects of patient appointment scheduling, insurance verification, creation of new patient charts and maintenance of patient records in accordance to Hanger compliance policies, scanning and filing patient documents, ensuring complete and accurate information, managing incoming phone calls, timely completion of all assigned tasks.

Patient Check Out:

* Provides administrative support for all aspects of closing a patient visit including obtaining insurance authorization, providing financial counseling for patients, posting over the counter (OTC) payments, timely completion of all assigned tasks, mail forwarding tasks and daily document research on an electronic health/medical record system, coordinating with clinical staff in managing in progress services, scheduling return appointments, reviewing and managing incoming documents and tasking to appropriate parties to outstanding requests for information.

Billing:

* Reviews charge information to ensure accuracy per payer requirements; makes corrections as needed.

* Manages services in progress and updates to accounts receivable (AR) once items are delivered, maintaining AR levels over 120 days at or below target level.

* Responsible for reviewing claim edits and resolving them, working claim rejections and denials, performing voids and corrections as necessary.

* Responsible for submitting clean and accurate claims; accurate completion of patient chart required elements

* Timely completion of all assigned tasks.

* Generating reports to ensure that claims are processed within timely filing limits. Will also run claim edit metrics to determine the type of edit issues that are recurring to aid in future training.

Collections:

* Manages the accounts receivable and collections process; timely completion of all assigned tasks.

* Assumes responsibility for maintaining company mandated collection standards.

* Prepares outstanding accounts reports and gathers credit and/or reference information.

* Manages both the internal bad debt process and the external collection agency's process for Private Pay accounts.

* Maintains database by entering, updating, and retrieving data, as well as formatting and generating reports.

* Resolves outstanding invoice problems from past due accounts. Responds to inquiries from customers or external collection resources.

* May place calls or send messages to those with unresolved issues.

Inventory:

* Assist with inventory as directed by Management and/or Inventory Coordinator as detailed below:

* Assist in reconciling items currently in use by clinicians to items in the inventory system

* Assist in counting inventory

* Assist in data entry of inventory counts

Qualifications:

Minimum Qualification:

* High school diploma or GED required.

* Minimum Job Experience Required: 2 years of office administrative experience

* A valid driver's license and driving record within the standards outlined within Hanger's Motor Vehicle Safety Policy and Procedures.

Physical Requirements:

* While performing the duties of this job, the employee will regularly be required to sit, walk and stand; occasionally bend or twist; regularly talk and hear, both in person and by telephone; use hands to operate standard office equipment; reach with hands and arms (to include reaching overhead); and lift up to 25 pounds. Specific vision abilities required by this job include close vision, distance vision and the ability to adjust focus.

Preferred Qualifications and Experiences:

* At least 1 year of experience with electronic health/medical record systems (preferably NextGen and/or OnBase).

* Working knowledge of HIPAA and other medical insurance regulations and terminology for private payer, state and federal plans including coding, billing and reimbursement protocols.

* Demonstrated ability to provide a high level of customer service to patients, fellow employees and referral sources.

* Ability to type 40 correct words per minute.

* At least 2 years of computer and office equipment experience including MS Office products (Word, Excel), e-mail and automated billing systems, facsimile machines, calculator, postage machine, copiers, etc.

* Basic administrative accounting skills.

* Effective communication skills.

Personal Attributes:

* Results-driven achiever with exemplary planning and organizational skills, along with a high degree of detail orientation.

* Resourceful team player who excels at building trusting relationships with patients, referral sources, and colleagues.

* Personable office professional whose strengths include cultural sensitivity and an ability to build rapport with a diverse population in multicultural settings.

* Flexible team player who thrives in environments requiring ability to effectively prioritize and juggle multiple concurrent projects in a fast paced environment.

* Strong interpersonal, oral (including telephone) and written communication skills.

In addition to a competitive hourly wage compensation package, Hanger offers an attractive program of benefits to our employees, both full time and part time.

NO PHONE CALLS/ WALK-INS:

In an effort to maintain our highest level of customer service to our patients, no phone calls or walk-ins from prospective candidates, recruiters, staffing agencies or contractors will be accepted by the local Hanger Clinic. Please respect our policy. Any necessary inquiries should contact our corporate Talent Acquisition department.

Hanger, Inc. is committed to providing equal employment opportunity in all aspects of the employer-employee relationship. All conditions and privileges of employment are administered to all employees without discrimination or harassment because of race, religious creed, color, age, sex, sexual orientation, gender identity, national origin, religion, marital status, medical condition, physical or mental disability, military service, pregnancy, childbirth and related medical conditions, special disabled veteran status, or any other classification protected by federal, state, and local laws and ordinances. The Company will comply fully with all applicable state or local fair employment laws that forbid discrimination or harassment on the basis of other protected characteristics. Retaliation against any employee for filing or supporting a complaint of discrimination or harassment is prohibited.

Options:",2031220d6236989b1dfbaebadae63a28
33725,B&Q Ltd,"At B&Q Enfield, we want every store visit to be an experience that leads to something big for our customers. We want to inspire them all – giving them the tools, advice and confidence to bring their biggest ideas to life. This is where you, as a Customer Advisor, come in.

Customer Advisor - Various Sales Floor Departments

Contracts available:

Tradepoint - 39 hours per week - Permanent - Must be available 6am-10pm, Mon-Sun

Tradepoint - 25 hours per week - Permanent - Must be available 6am-10pm, Mon-Sun

Flooring Tiling - 20 hours per week - Permanent - Must be available 6am-10pm, Mon-Sun

£7.81^ per hour 75p per hour location allowance benefits including Store Team Bonus, 20% staff discount, pension*

As a Customer Advisor, it's really important that you're happy to approach and help customers and that you have a genuine passion for home improvement. Talking to someone who can offer confident and relevant advice ensures our customers leave B&Q with everything they need to get the job done and a renewed enthusiasm for their home improvement project.

You'll be working in a team every day so you'll need to be upbeat and proactive, interacting with colleagues and customers alike. Our stores are often very large and busy so being able to multi-task and work unsupervised is a crucial skill for this role.

Don't worry if you don't know your washers from your wood screws at this stage, being willing to learn is essential to the role and you'll be given all the right training to build your skills and knowledge of our projects.

We need our customer advisors to be flexible about when they work, covering store opening hours on a rota basis, including evenings, weekends and bank holidays.

If you'd like to be out there making a difference to our colleagues and our customers then you may be exactly the kind of person who'll feel right at home here. So join us, roll your sleeves up, and get busy building a career to be proud of.

* Subject to eligibility.

^ Notional hourly rate, full time basic salary £15,845.17",2031909fe90dcfdcb735f73cdb19e6fd
12149,Hertz Corp,"General Responsibilities:

Earn a $2,000 sign-on bonus* when you

join Hertz.

* SIGN-ON BONUS MONETARY AMOUNT AND TERMS:

Eligible employees will receive lump sums of:

$500 after 30 days of service

$500 after 60 days of service

$500 after 90 days of service

$500 after 120 days of service in their position for 4 months. Rules and regulations apply. Inquire within.

The Counter Sales Representative is an essential member of the airport location team and is the brand ambassador, providing the fastest, easiest, and most valued experience to our customers. This sales commissioned team member provides world class customer service and professionally and effectively sells Hertz products and services to meet the customer's travel needs.

The key responsibilities and accountability are:

* Effectively communicate and offer ancillary products and services to enhance customer's travel experience.

* Strong emphasis on selling and revenue maximization on core products such as, but not limited to, options to waive customer's responsibility of damage, fuel options and vehicle upsells.

* Achieve personal sales goals while supporting the goals of the team.

* Work in a fast paced sales environment, providing helpful, quality service and sales, while enhancing the customer's rental experience.

* Provide world class customer service by managing the rentals and returns process, in compliance with Hertz's policies and procedures

* Qualify and process customer rentals with accuracy and attention to detail.

* Drive continuous improvement by communicating customer feedback to team and engaging in action planning to improve operational performance and customer satisfaction.

* Resolve customer issues and concerns professionally using effective customer service techniques.

* Maintain appearance appropriate for providing best in class customer service in accordance with established guidelines.

Mandatory Requirements:

Educational Background:

High School Diploma or equivalent

Professional Experiences:

A minimum of one year of sales or customer experience in a high volume or service oriented environment

Passion for customer service and attention to detail – Goes the extra mile

Proven strong sales and closing skills and the ability to friendly, engaging manner

Motivated to achieve and exceed targeted goals

Knowledge:

Strong computer proficiency, including typing skills and the ability to navigate through multiple computer systems

Proficiency in English

Must be able to:

* Demonstrate good communication skills both written and oral. Communicate in English clearly and proficiently. Candidates fluent in other languages are encouraged to apply.

* Have the competitive drive and confidence to succeed in a commission-based environment.

* Work in a fast paced environment with a variety of tasks. Excellent organizational and time management skills.

* Demonstrate sales, professionalism and interpersonal skills.

* Show a high level of ownership, accountability and initiative.

* Show proven experience of working well within a team.

* Work flexible shifts including weekends and holidays; and work overtime as required.

* Work outdoors during all weather conditions.

* Stand for long periods of time.

Physical Requirements:

Applicant must possess all hearing, speaking and communicating capabilities necessary to complete the responsibilities detailed above. The essential functions of this position include, but are not limited to, the following such as sitting, standing, speaking, hearing, writing, typing, filing, seeing, and reading. Knowledge of equipment operation such as computer terminal, telephone, calculator, and fax machine is required.

Hertz is a Drug-Free Workplace. All employment is contingent on successful completion of drug and background screening.

EEO/AA: Females/Minorities/Disabled/Vets

Options:",2032a73edb7790b12c84124691f3665e
28658,"Dynegy, Inc.","Manager, Production

Milford Energy Facility

Milford, CT

Description

The Production Manager will manage the daily operations and production activities for the Milford Energy Facility and will report directly to the Managing Director.

Essential Duties

The essential duties associated with the Production Manager position include:

* Ensure the facility operates in compliance with all permit conditions, safety, health and environmental programs, local laws, ordinances and standards.

* Interface with the Company's commercial operations and asset management teams for daily plant status, generation planning, outage planning, and communication of plant issues as they arise.

* Manage and make decisions for the operation of plant equipment as variable situations and conditions arise which affect the full dispatch of the facility.

* Manage and implement the requirements contained in the facilities Emergency Response Plan, Stormwater Pollution Prevention Plan, and Spill Prevention Control and Countermeasure Plan.

* Administer the safe system of work programs (LOTO, confined space, hot work permit, permit to work, etc.) to properly prepare equipment and systems for maintenance activities.

* Manage the daily production activities including the development of predictive tools and daily operational reports which calculate the daily electrical production and gas usage for the facility.

* Prepare weekly and monthly production reports summarizing the electrical production, gas usage, water usage, wastewater discharge and other variable operating chemical usage for the facility.

* Track the daily operations and events and compile into summary reports which contain operating hours, reserve shutdown hours, forced outage hours, planned outage hours, maintenance outage hours, deratings, and failed starts which can be compiled in the desired formats and submitted to ISO New England to satisfy the NERC GADS reporting requirement.

* Support the Managing Director in the development and implementation of the variable operating costs and annual operating budget.

* Analyze and adjust calculations and forecasts for variable operating costs.

* Operate the facility in accordance with applicable NERC standards and ensure that all operational discussions with external agencies are properly documented in operating logs and other plant records.

* Ensure that NERC compliance training to applicable standards is completed as required.

* Create and maintain records for ensuring compliance with applicable NERC standards and supports information requests during internal and external audits.

* Participate in and support the Company's NERC compliance team data requests, procedure implementations, and related initiatives.

* Complete monthly and annual plant data reporting to the USDOE Energy Information Administration by the required due dates.

* Manage the operational shift schedule to ensure that proper operational coverage for each shift is provided throughout the year.

* Manage the recruitment and selection process for operations personnel.

* Manage and implement plant operator qualification and training programs to ensure that all operators are qualified to operate the facility and have the potential to advance within the operations department. Revise training programs as needed to improve the training.

* Manage the plant water chemistry and treatment programs to ensure that the equipment is operated within the manufacturers guidelines. Activities shall include but not be limited to timely sampling and monitoring of plant boiler water and cooling water systems.

* Manage the operation of the gas turbines and environmental control systems to ensure that air emissions are maintained within the established permit limits.

* Manage the operational compliance of the Continuous Emission Monitoring Equipment in conjunction with plant maintenance and environmental plant engineering.

* Manage plant waste water discharges to ensure that all required sampling is completed in a timely manner and that discharges are maintained within the established discharge permit limits

* Manage the proper handling, accumulation and storage of onsite universal waste, regulated waste, and hazardous waste generated in accordance with established procedures and state and federal requirements.

* Develop and maintain the plant standard operating procedures (SOPs).

* Schedule purchases and deliveries of variable operating chemicals and other materials needed to support sustained operation of the facility.

* Identify plant upgrades and modifications designed to enhance safety, reduce operating cost or improved the operability of the facility.

* Maintain awareness of safe working conditions and practices safe work habits in all activities. Cautions others, as necessary, in working in a safe manner.

* Ensure that all operations personnel complete required annual safety and environmental training.

* Serve as the primary interface with ISO New England and CONVEX on generation and transmission system related subjects.

* Schedule and ensure that generation capability audits are completed and data submitted to ISO New England in accordance with ISO New England procedures.

* Plans, schedules, and completes Unit testing as needed for NERC compliance requirements. Completes the data submittals as required.

* Interface with the General Electric Plant Support Center to address and resolve operational problems. Maintains list of issues and closes same as issues are resolved.

* Oversees plant security.

* Work collaboratively with the Plant Engineer to review and approve various reports.

* Work positively and diligently as part of the management team to achieve the plant's annual incentive goals.

Other Duties

* Perform other collateral duties, administrative tasks, and manage special projects as may be assigned. Support the Maintenance Manager on special projects and outages.

* Be available to stand in for the Managing Director during his/her absence.

* Support maintenance activities needed to execute and oversee planned and forced outages.

* Schedules operations department personnel for outage support to maintenance.

* Be readily available to respond to and manage the resolution of plant starting issues and other equipment limitation events as they occur outside of the daily normal working schedule.

Position Requirements

Formal Education & Certification

* Bachelor of Science Degree in an engineering discipline or a related technical field.

* Equivalent trade school, industrial facility, military service, or technical training schools will be considered that are related to electrical power generation plants.

* High School graduate.

* Additional professional training, engineering license, boiler operator's licenses, merchant marine engineering license, navy power plants experience are a plus.

Organizational Leadership

* Contribute to short and long-term organizational planning.

* Maintain good employee relations. Address employee problems in an efficient and effective manner.

* Work towards meeting shared goals and objectives while encouraging and developing team performance.

* Works in conjunction with the Managing Director on succession planning.

* Completes annual goals setting and performance appraisals of direct reports. Addresses performance issues of direct reports as needed.

Knowledge & Experience

* Minimum of ten years of direct experience with the operation and maintenance of combined cycle and other types of power generation plants.

* Thorough understanding of power plant operations, including the interrelationship of engineering with operations and maintenance functions.

* Strong experience in power generating plants with a minimum of five years' experience as a control room operator or shift supervisor level, or higher. Prior leadership experience is highly desirable.

* Alstom GT-24 combined cycle power plant experience is highly desirable.

* Strong working knowledge of Pi Process Book and Microsoft Excel is required.

* Strong working knowledge of Microsoft Word to create written reports is required.

* Working knowledge of Microsoft Power point is required.

* Must have a working knowledge of reading and interpreting system drawings (P&IDs).

Personal Attributes

* Team player with excellent verbal and written communications skills.

* Ability to work well under pressure and make decisions in a fast paced dynamic environment.

* Must be flexible to changing conditions and situations.

* Must be available and be responsive to critical calls from the control room operator during off hours for issues such as unit trip, deratings, permit compliance issues, and other plant operational problems. Must be able to make clear decisions and provide direction to operations staff to address such situations.

* Must be able to respond calmly and think clearly in emergency situations.

* When required for operation, maintenance or safety emergencies must be able to quickly access all areas of the plant including confined spaces, high elevations and hot areas.

* Must be able to visually read and respond to computer-generated data, instrumentation, gauges, readouts and variations in color.

* Must have manual dexterity required to operate keyboards, pushbuttons, dials and valves.

* Ability to maintain confidentiality of records and other documents.

* Independently prioritize the workload and multitask to achieve completion of assigned tasks on time.

* Interact with all levels of management in a professional manner.

* Ability to manage external relationships with vendors and other contractors.

Work Conditions

* Ability to safely use, handle and inspect equipment containing (and perform maintenance in close proximity to sources of), hazardous energy, hazardous chemicals and hazardous wastes as those terms are defined under various safety and environmental regulations.

* The position requires the use of appropriate personal protective equipment for the hazards identified above.

* In the employee's normal immediate work area, this position requires the employee to be routinely familiar with, and to appropriately respond to, the hazards identified above, including, but not limited to repairs on equipment containing chemicals, containment of chemical leaks, response to electrical interruptions, etc. This response would encompass appropriate personal protection techniques, the following of safety procedures, such as, (but not limited to), lock out/tag out procedures, confined space rescue, etc. This position requires the ability to perform these functions with little supervision.

* Must be able to frequently climb ladders; enter confined spaces; climb to and work from elevated platforms, ladders and walkways at elevations of 75 feet and more; crawl to and through confined space areas, and lift objects up to 50 pounds.

* This job requires the ability to work outdoors in adverse weather conditions, climb vertical access ladders and stairwells.

* Must be able to wear a respirator and use other safety equipment as required.

* Travel to other company and non-company locations for meetings, seminars, and training sessions will be required as assigned.

Dynegy is an Equal Opportunity Employer",20334dd892a2bb3fe4378cd7c7868d48
372,General Electric,"Job Number 2889327 Business GE Healthcare Business Segment Healthcare Global Supply Chain About Us GE is the world's Digital Industrial Company, transforming industry with software-defined machines and solutions that are connected, responsive and predictive. Through our people, leadership development, services, technology and scale, GE delivers better outcomes for global customers by speaking the language of industry.

GE Healthcare provides transformational medical technologies and services to meet the demand for increased access, enhanced quality and more affordable

healthcare around the world. GE works on things that matter - great people and technologies taking on tough challenges. From medical imaging, software & IT, patient monitoring and diagnostics to drug discovery, biopharmaceutical manufacturing technologies and performance improvement solutions, GE Healthcare helps medical professionals deliver great healthcare to their patients.

At GE ASEAN, we are imagination at work. From the Vietnam Engineering Center which focuses on product design, applications and services for the oil and gas sector to the NUS-GE Singapore Water Technology Centre which develops new solutions in water treatment, the GE ASEAN teams are dedicated to turning imaginative ideas into leading products and services that solve some of the world's toughest challenges. Join an innovative industry leader for an unprecedented career of significant influence within the region and beyond. Work alongside the best minds in the business and take advantage of GE's generous investment in your education, growth and advancement. If you're an energetic, focused problem solver, ready to share ideas and face challenges with flexibility, then join the GE ASEAN team in creating the next generation of products and services that will impact the world for generations to come. Posted Position Title Specialist, Life Sciences Career Level Experienced Function Engineering/Technology Function Segment Administration and Support Location(s) Where Opening Is Available Singapore City Singapore Postal Code 099253 Relocation Assistance No Role Summary/Purpose We may not have a specific job for you today, but are interested in your expertise for tomorrow. We're looking for experienced people, and we offer opportunities around the globe in Engineering. Essential Responsibilities • Works with team lead, engineers, supervisors, and managers to improve quality and process efficiency

* Other duties as assigned, and may be asked to be included in quality activities, training sessions, and employee activity teams

* Comply with EHS regulations and policies

We may not have a specific job for you today, but are interested in your expertise for tomorrow. We're looking for experienced people, and we offer opportunities around the globe. Qualifications/Requirements • High School Diploma or local equivalent or 6 months of manufacturing experience

* Ability to communicate, receive and understand instructions regarding duties to be performed

* Demonstrated ability to detail and quality-minded work habits

* Demonstrated ability to communicate with co-workers and leadership

As actual openings become available, you may be contacted to discuss a potential opportunity. We also encourage you to visit our website at www.gecareers.com and sign up for a job agent so you can receive information on specific positions that match your interests.

Apply to job Save to cart",20359b90445e469d6b98e80919851274
2850,Urban Outfitters Inc,"SENIOR STYLIST | Roles & ResponsibilitiesReports To: Store Manager / Assistant Store Manager

Objective To drive sales through creating a unique, innovative and inspirational customer experience encompassing the Free People lifestyle and brand image, resulting in positive customer relationships and a profitable store.

Customer Experience

* Meet or exceed personal Sales Goal in order to help the store achieve its sales goals.

* Expand and manage client base through the following:

* Outreach and Networking: initiate connections through social media, e-mail, hand written communication, telephone, and in person communication daily/weekly.

* Sales Generation: build customer connections through appointments and in store events.

* Follow - Up: Further personalize the customer relationships through thanking the customer and following up on the experience. Maintain customer client books and social media relations.

* Be the expert of current fashion trends in the industry and the Brand. Creatively communicate fashion awareness to team and customer.

* Demonstrate entrepreneurship to connect with the customers and create business through events and social media. Partner with Store Manager to execute.

* Embody and represent the company culture on the sales floor while ensuring adherence to policies and procedures.

* Demonstrate understanding of systems and programs, including point of sale and MPOS.

* Uphold a highly organized system for maintaining customer communication, data, appointments, and sales tracking.

Leadership

* Serve as a Store/District leader in customer service, product information, and outfitting for the total store assortment.

* Mentor Stylists on all aspects of the customer experience through fit sessions, fashion boards, morning meetings and workshops.

* Partner with SM in managing and communicating Store/District SPH goals and results.

* Interpret and articulate the FP lifestyle and culture.

* Maintain an awareness of fashion trends, store concepts through the Scenic Route, BLDG25, Workshop, and additional communication from the merchandising team.

* Contribute at a high-level in store meetings, fit sessions, outfitting, and walk-throughs.

* Collaborate with the store leadership team to communicate customer feedback.

* Offer community resources and local recommendations for your customer (ex. tailor, restaurant, dry cleaner, etc.).

* Collaborate with management team to run selling contests and ensure team participation.",20360dac5b831da9b447deea0dce4a9e
25610,Cooperative for Assistance and Relief Everywhere Inc,"At CARE, we seek a world of hope, tolerance and social justice, where poverty has been overcome and people live with dignity and security.

This has been our vision since 1945 when we were founded to send lifesaving CARE Packages® to survivors of World War II. Today, CARE is a global leader in the movement to eradicate poverty. In 2015, CARE worked in 95 countries and reached 65 million people with an incredible range of life-saving programs. We also put women and girls at the center of our work because we know that we cannot overcome poverty until all people have equal rights and opportunities. We seek dynamic, innovative thinkers to further our mission. If you share our core beliefs: poverty is an injustice; poverty is solvable; and together, we have the power to end it, join us.

CARE is seeking a Director of Development who will plan, direct and coordinate fundraising activities for major and planned giving prospects and donors focused on the Southeastern region of the United States. A member of a national Individual Giving and Leadership Development team, the Director is part of a national major gift strategy group and will report directly to the Executive Director of the Southeast Region and will work in the Atlanta office of CARE, USA.

The Director works with individual donors and family/private foundations to raise major gifts for CARE's unrestricted/flexible giving program, The Impact Fund, as well as restricted gifts focused on CARE's core programs and the priority areas of the upcoming campaign. The Director will be responsible for developing and implementing cultivation, solicitation and stewardship strategies for his/her portfolio of donors/prospects. The Director will also seek to identify new prospects for CARE. The Director is expected to maintain an active schedule of personal visits to, and initiate thoughtful one on one engagement opportunities with, donors and new prospects to build strong and meaningful relationships with the people who generously fund the work of CARE. In addition, the Director should be conversant in planned giving to provide major donors with as broad an array of resource engagement with CARE as possible.

Working in collaboration with colleagues on the Individual Fund Raising and Marketing team (Direct Marketing and Online; Communications & Marketing; Business Operations) the Director will coordinate research activities for donors and prospects, develop solicitation efforts (mail, phone, face to face), coordinate proposal writing, and identify opportunities for high-level donors to interact with CARE's senior leadership and members of the board.

Responsibilities

* Manage an active and changing portfolio of approximately 100 donors and prospects.

* Work with the regional to create and execute meaningful engagement strategies for donors and prospects.

* Coordinate with the Office of Research to identify prospects.

* Coordinate with Business Operations development of proposals and reports for donors and prospects.

* Work with colleagues throughout the organization's departments including. Foundations, Advocacy and Corporate Relations, as well as Country Directors and program officers.

Qualifications

* Bachelor's degree required;

* 3-5 years of fundraising experience with demonstrable success with major gifts;

* Ability to close 6-7 figure gifts including highly personalized proposals;

* Familiar with basic planned giving concepts;

* Basic knowledge of fundraising information systems and experience with donor management;

* General familiarity with all aspects of fundraising concepts, including planned giving, stewardship functions, and database management;

* Previous experience with an international NGO an added plus;

* Strong written and oral skills, confident public speaker/presenter, proficient in database management, designing presentations, persuasive communication skills.

Please be aware that there may be job advertisements and offers that falsely state that they are from CARE. CARE does not charge a fee at any stage of the recruitment process (application, interview, meeting, processing, training, or any other such fees).

CARE USA is an equal opportunity employer and gives consideration for employment to qualified applicants without regard to race, color, religion, sex, national origin, disability or protected veteran status. If you'd like more information about your EEO rights as an applicant under the law, please click here.",2035fb1d14c7f5ef6e8fd1ea204cdae9
720,Bausch & Lomb Inc,"Overview:

The plant maintenance team provides electro-mechanical support for production machines and equipment. The team is dedicated to keeping production moving with minimal downtime by troubleshooting and repairing equipment issues. This includes resolving mechanical and electrical problems and performing scheduled maintenance on equipment. This position entails working as a member of a team to perform and document troubleshooting, repairs, and preventative maintenance of high speed manufacturing, injection molding, packaging, and sterilizing equipment. Other aspects may include project work, offline rebuild work as well as training other technicians.

Responsibilities:

Under the direction of the Maintenance Supervisor the Electro-Mechanical Technician will be responsible for the following:

* Work on a maintenance team alongside operations technicians and engineers in a cross-functional team setting to minimize machine downtime and improve line output.

* Troubleshoot, repair, and properly document machine issues.

* Troubleshoot / diagnose PLC/HMI control systems software when possible.

* Perform and document preventative maintenance as required.

* Communicate machine issues/downtime to other shifts as well as supervisor/management.

* Assist with any offline machine rebuilds or prep work.

* Ability to work Bausch + Lomb twelve hour rotational shift schedule is required:

* Rotation is M/T - 6AM-6PM, W/Th - off, F/S/Su - 6PM-6AM, M/T - off, W/Th - 6AM-6PM, F/S/Su - off, two week pattern repeats but opposite day/nights.

* Minimal travel to support equipment build/integration and/or training may be required.

* Support of plant manufacturing equipment systems under the direction of the plant Maintenance Supervisor.

Qualifications:

Education: HS diploma required. Technical apprenticeship or Associates degree in related electrical or mechanical field preferred but job experience may be substituted for degree requirement

Specialized Skills: Knowledge of steam sterilizers and PLC code. Experience with laboratory instrumentation and calibration preferred. Knowledge of OSHA (Occupational Safety & Health Act) requirements, basic computer skills (Microsoft Word, Excel and Outlook) preferred.

Experience: Minimum 5 years in technician role supporting sterilization equipment. Electro-mechanical technician experience with high speed automation preferred. Medical device or other FDA regulated industry beneficial. Strong analytical and troubleshooting skills are required. Attention to detail, excellent communication skills and ability to work in a team environment are essential. Understanding of steam sterilizers, PLC code, engineering drawings, problem solving and troubleshooting.

Benefits of working at Bausch + Lomb:

Individual training program to learn your new responsibilities

Career growth through expanded responsibilities, promotions and new positions

Medical, Dental, Eye Health, Disability and Life Insurance begins on your hire date

401K Plan with company match and ongoing company contribution

Paid time off – vacation, floating holidays and sick time

Employee stock purchase Plan with company match

Ongoing performance feedback and annual compensation review

#KBL

Options:",2036282e8b7fe4fc6f0d0559457c0835
29507,Gwinnett County Public Schools,"License and Certification Qualifications: Meets Georgia certification requirements in appropriate field of education.

Education Qualifications: Bachelor's degree in applicable field of education from a Professional Standards Commission (PSC) approved college or university required.

Experience Qualifications: Previous teaching experience preferred.

Skills Qualifications: Knowledge of Gwinnett County Public Schools (GCPS) Academic Knowledge and Skills (AKS) curriculum with in-depth knowledge of content in field of certification; knowledge of techniques for integrating curriculum, GCPS policies, and effective instructional practices; ability to understand the teaching/learning process; ability to infuse technology into instruction to increase student learning; ability to work effectively with administrators, colleagues, central office, and school based staff, students, parents, and community; excellent oral and written communication skills; and effective human relations skills.

Primary Responsibilities: Plan for appropriate learning experiences for students based on the district Academic Knowledge and Skills (AKS) curriculum and provide an atmosphere and environment conducive to the intellectual, physical, social, and emotional development of students.

1. Demonstrate command of school subject being taught.

2. Develop and prioritize short and long-term instructional objectives based on district AKS curriculum.

a. Identify specific prerequisite skills and/or knowledge necessary for students to learn the AKS.

b. Plan instruction as needed to promote student mastery of prerequisite skills and knowledge.

c. Analyze student work and assessments to determine instructional needs.

d. Prepare written lesson plans to support instructional objectives of the AKS for all students.

e. Plan appropriate assessment of student learning.

3. Evaluate, select, and modify resources and activities.

a. Review resources including district core materials.

b. Select core materials and other resources that match the AKS.

c. Select resources that match the learner(s) needs.

d. Select resources that reflect scientifically-based research on effective instruction.

4. Provide initial focus for the lesson.

a. Communicate specific learning objectives to students.

b. Link lesson content to students' prior knowledge, background experience, and/or real-world application of content.

c. Capture student attention through active involvement.

5. Organize content for presentation of the lesson.

a. Present information in a logical sequence.

b. Organize the presentation of content into blocks or steps based on the students' needs and the complexity of the material.

c. Follow research-based organizational plan for content organization, such as anticipatory set, acquisition lesson, guided practice, independent practice, and summarizing.

6. Utilize scientifically researched effective instructional strategies and methods of providing information for students to acquire the learning.

a. Assess students' learning of the AKS and provide specific feedback to students and parents.

b. Provide collaborative learning opportunities to enhance student achievement.

c. Provide multiple opportunities for distributed guided practice followed by independent practice.

d. Teach essential content-related vocabulary.

e. Utilize a variety of nonverbal/visual representations of content and skills.

f. Teach students to summarize their learning.

g. Teach skills for improving reading and writing proficiency/literacy across content areas.

h. Access and/or build students' background knowledge and experience.

i. Utilize and teach questioning and cuing/prompting techniques.

j. Utilize technology effectively to plan, teach, and assess.

k. Utilize inquiry-based problem-solving learning strategies with students in all content areas.

l. Teach and require students to set personal goals for improving their academic achievement.

m. Teach students to compare and contrast knowledge, concepts, and content.

7. Provide formative assessment that measures student progress toward AKS objectives.

a. Monitor students' progress in learning through a variety of techniques.

b. Adjust instructional plans based on formative assessment results.

c. Provide criteria that allow students to measure their own progress toward an objective.

8. Provide summative assessment that measures student achievement of objectives.

a. Assess students' learning of the AKS.

b. Provide assessments that are appropriate for the learner(s).

c. Maintain assessment records for each student.

d. Communicate assessment results to student.

e. Utilize assessment results to plan for subsequent instruction.

9. Organize learning environment to maximize student time on task.

a. Organize and arrange classroom to facilitate learning.

b. Ensure smooth transitions from one activity to another.

c. Maintain an orderly system for housekeeping duties including attendance, passes, announcements, distributing and collecting materials, and homework assignments.

10. Maintain behavior that is conducive to learning.

a. Define and communicate behavior expectations to students.

b. Monitor behavior and provide appropriate feedback to students.

c. Manage inappropriate behavior effectively.

d. Focus on student behavior rather than personality.

e. Treat sensitive situations with discretion.

f. Encourage participation from all students.

g. Establish mutual respect between teacher and students.

h. Convey warmth, friendliness, and enthusiasm.

11. Participate in professional growth and professional learning activities.

a. Apply new knowledge and skills acquired in planning and delivery of student instruction.

b. Demonstrate evidence of progress toward individual goals plan.

12. Maintain professional responsibilities and act as a role model.

a. Utilize standard written expression and acceptable oral expression.

b. Demonstrate punctuality to class, to assigned duties, and to other school activities.

c. Submit records, reports, and forms accurately and promptly.

d. Provide clear plans for substitute teachers.

e. Maintain regular attendance.

f. Demonstrate a willingness to share ideas, methods, and materials.

g. Cooperate with staff and support the development of activities and goals of the school.

h. Encourage positive school and home communications.

13. Perform other duties as assigned.

Physical Demands:

While performing the duties of this job, the employee is frequently required to sit for extended periods of time. Employee is also required to talk, hear, stand, and walk. The employee may be required to use hands to finger, handle, feel, and/or reach. Employee is occasionally required to stoop, kneel, or crouch. The employee must occasionally lift and/or move up to 25 pounds. Specific vision abilities required by this job include close vision, distance vision, color vision, depth perception, and ability to adjust focus. Reasonable accommodations may be made to enable individuals with disabilities to perform the essential functions.",203731154647b5d7fe62db1a1ccbbb0a
37310,Qorvo Inc,"SUMMARY:

The advanced technology (AT) program manager within Qorvo's IDP business group is reponsible for growing and executing customer-funded (CRAD) and internal-funded (IRAD) technology programs. Advanced technology programs are focused on advancing state-of-the-art performance of Qorvo's core technologies, including high-power, high frequency, mixed signal GaN/GaAs processes, next generation filters, packages, and patented Spatium work, that are aligned to near-term product roadmaps, as well as long-term technology roadmaps and vision.

RESPONSIBILITIES:

* AT program manager is responsible for overall program leadership by managing integrated program plan, scope, and resources, to meet key performance metrics and milestones

* To execute each program, PM is expected to collaborate closely with lead technical engineer in respective funcation areas, to organize and facilitate technical planning, and to set appropriate priorities within the program from scope and budget perspective

* The PM is expected to work effectively across multiple functional teams across organizations from design to operations and research

* One of the key roles of AT PM is to communicate clearly and effectively to funding customers and internal stake holders the program plan, status, and risks on a regular basis using strong presentation skills

* PM will also execute technical proposal bids with sales and business development, technical subject matter experts, and product team leaders, finance, contracts, and supply chain

QUALIFICATIONS:

* BS in engineering is required; MS or PhD is strongly desired

* 5 years of experience managing technology development programs

* 5 years semiconductor industry experience preferred

* Must have excellent verbal and communication skills

* Must have effective presentation skills

* Must have demonstrated experience in leading/organizing/planning technical programs

* Must have work well across functional teams from design, research, operations, to finance and supply chain

* Experience in engineering positions (design, applications, foundry, research, development, process development, etc.)

* Competent with MS Powerpoint, Excel, Word, and MS Project

MAKE A DIFFERENCE AT QORVO

We are Qorvo. We do more than create innovative RF solutions for the mobile, defense and infrastructure markets – we are a place to innovate and shape the future of wireless communications. It starts with our employees. As a unified global team, we bring a commitment to excellence, growth and a passion for creating what's next. Explore the possibilities with us.

We are an Equal Employment Opportunity (EEO) / Affirmative Action employer and welcome all qualified applicants. Applicants will receive fair and impartial consideration without regard to race, color, religion, sex, sexual orientation, gender identity, national origin, age, military or veteran status, physical or mental disability, genetic information, and/or any other status protected by law.

Experience Level Individual Contributor Job Type Full Time Location TX - Richardson",203c28258fdcbf0f6f66982e1d27a542
8421,Jackson Hewitt,"Description

We are Jackson Hewitt, Working Hard for the Hardest Working.

We have a new Career Opportunity for you to deliver exemplary customer service!

Join the team that is focused on being advocates for our clients, and getting them their maximum tax refund, faster, and with fewer associated fees. Stand out as friendly, attentive, and knowledgeable.

Jackson Hewitt offers training related to income tax preparation and the delivery of excellent customer service. This position has access to and regularly works with information of a sensitive, highly confidential nature; and regularly deals with diverse matters which require a working knowledge of the business.

Responsibilities

Completes all related tax forms in accordance with policies, and in compliance with legislation and regulations.

Furnishes taxpayers with sufficient information and advice to ensure correct tax form completion.

Consults tax law reference materials to determine procedures for preparation of atypical returns.

Answers questions and provide future tax planning to clients.

Reviews financial records such as income statements and documentation of expenditures to determine forms needed to prepare tax returns.

Researches tax related questions and issues, and responds to clients appropriately and within a timely manner.

Resolves client complaints, or refers situations to supervisor (as appropriate) for resolution

Audits all tax return forms for accuracy and completeness (i.e., client signatures).

Requirements

High School Degree or equivalent related business experience. Course of study in tax preparation and/or accounting preferred.

Must successfully complete Jackson Hewitt's Basic Tax Preparation course.*

Must be able to obtain certification by the state (if applicable) and obtain a PTIN (Preparer Tax Identification Number)

* Enrollment in, or completion of the Jackson Hewitt Basic Tax Preparation course is neither an offer nor a guarantee of employment.

We appreciate your interest in Jackson Hewitt Tax Service. Jackson Hewitt Tax Service is an equal employment opportunity employer. The Company's policy is not to discriminate against any applicant or employee based on race, color, sex, religion, national origin, age (40 and over), disability, or any other basis protected by applicable federal, state, or local laws. Jackson Hewitt Tax Service also prohibits harassment of applicants or employees based on any of these protected categories. It is also Jackson Hewitt Tax Service's policy to comply with all applicable state and federal laws respecting consideration of unemployment status in making hiring decisions.",203d66c2e981fcb08a554b1296c2936c
2839,Lowe's Companies Inc,"Position Description

Responsible for assisting customers with all of their shopping needs including assisting customers in the selection, demonstration, preparation and loading of merchandise. Also responsible for responding to customer inquiries throughout their shopping experience including promoting customer loyalty plans and/or extended protection/replacement plans where appropriate.

Job Requirements

CSA Sales Floor: Requires morning, afternoon and evening availability any day of the week.

Weekend/Holiday Team: Requires morning, afternoon, and evening availability on Friday, Saturday, Sunday, and holidays.

Weekday Team: Requires morning and afternoon availability Monday through Friday during peak day hours.

Physical ability to move large, bulky and/or heavy merchandise. Physical ability to perform tasks that may require prolonged standing, sitting, and other activities necessary to perform job duties.

Minimum Qualifications

6 months experience using a computer, including inputting, accessing, modifying, or outputting information.

6 months experience using a handheld device (e.g., mobile phone, LRT gun, palm pilot, tablet, iPod) to enter, access, and output information.

Preferred Qualifications

Associate's Degree in Business, Retail Management, Specialty related to department (e.g., design, appliances) or related field OR Certification in trade related to department (e.g., kitchen, plumbing, electrical, lawn and garden).

1 year retail experience identifying and selling products based on customer needs, including credit cards, installations, add-on sales, and explaining warranties, product features, and benefits.

1 year retail experience providing customer service, including identifying and resolving customer issues, assisting customers in locating product, greeting customers, answering phones, building relationships with customers, and thanking customers for their business.

1 year retail experience in related department (e.g., kitchen, plumbing, electrical, lawn and garden).

1 year experience working in any department at a Lowe's retail store.

Lowe's is an equal opportunity affirmative action employer and administers all personnel practices without regard to race, color, religion, sex, age, national origin, disability, sexual orientation, gender identity or expression, marital status, veteran status, genetics or any other category protected under applicable law.",20503bf25812269b395f46d67eae60f0
3886,Willis Towers Watson PLC,"Job Description The Company

Willis Towers Watson is a leading global advisory, broking and solutions company that helps clients around the world turn risk into a path for growth. With roots dating to 1828, Willis Towers Watson has 40,000 employees serving more than 140 countries. We design and deliver solutions that manage risk, optimize benefits, cultivate talent, and expand the power of capital to protect and strengthen institutions and individuals. Our unique perspective allows us to see the critical intersections between talent, assets and ideas – the dynamic formula that drives business performance. Together, we unlock potential. Learn more at willistowerswatson.com.

The Business

Our Health and Group Benefits business helps large and mid-size clients control health and welfare plan costs, improve health outcomes and promote employee engagement through broad-based, state-of-the-art interventions. We provide solutions encompassing creative plan design, vendor evaluation and management, pricing and funding strategies, data analytics, valuation support, compliance and governance strategies. We also provide Specialty consulting services including clinical/health management program design, pharmacy solutions, disability/absence management strategies and claims audit services. Product based solutions such as our pharmacy purchasing coalition round out our broad-based suite of offerings.

The Voluntary Benefits Practice represents another solution set as we seek to serve the range of client needs. Voluntary benefits are one of the largest growth segments in the benefits arena, and are to be positioned as an integral part of our clients' Total Rewards strategies. Towers views voluntary benefits as an expansion opportunity for our current client base as well as a differentiation strategy through an integrated approach for new business development efforts. As such, we expect the Voluntary Benefit (VB) initiative will accelerate our growth within HGB for current and new client organizations.

The Role

As part of the Towers Watson's Health and Group Benefits (HGB) line of business, this role will support our efforts to grow voluntary insurance consulting opportunities nationally. The position will be a subject matter expert role focused on new business sales; marketing; voluntary benefit products; service design and ongoing management of TW clients. This will require execution of a growth/sales strategy, including the on-going refinement of the product strategy. Key operational activities are developing / architecting the infrastructure to support client delivery, including training of HGB consultants, internal cross-LOB collaboration, and coordination with external partners/carriers. This position will report to the Voluntary Benefits Leader.

Performance Objectives:

Clients

* Support the voluntary benefits insurance consulting sales and marketing effots nationally, and supporting practice-wide sales targets.

* Consult to clients in partnership with local HGB teams, voluntary benefits and other specialty resources.

* Responsible for defining, implementing and measuring results of procedures, standards and tools for implementing on-going service operations of voluntary benefit programs

* Responsible for the intersection / integration of National VBS team with local - offices and VB subject matter experts. Ensure that there is structured communication channels, escalation channels and proceedures, procedural consistancies cross-team communications to elevate and standardize best practices.

* Serve as a senior level escalation point for client and operational issues. Report service issues to the HGB VBS leader with an emphasis on solutions

* Support and facilitate development and execution of marketing/sales support plans

* Develop strong relationships with national voluntary carriers and vendor partners

* Implement a vendor management approach that supports the VBS products, coordinates with senior vendor relationhisp managers

* Documents disciplined project management protocols to support program implementations while developing and institutionalizing organizational standardized metrics that drive best-in-market program performance for clients, consultants and the organization in terms of results, methodology, and timeliness

* Responsible for oversight, production and integrity of all monthly reporting on a timely basis, including the pipeline report, monthly department report, re-enrollment tracking, and Client profiles.

* Applies financial models to project and track client revenues derived from the sale of voluntary benefits products, Including developing communication strategies and modalities on buying behaviors of target audiences and enrollment methodology best practices

Excellence

* Maintains and continually develops expert knowledge and experience of VBS delivery best practice, market trends, and products and services in the marketplace

* Responsible for the development of new tools, approaches and quality standards related to voluntary benefits delivery

Financial

* Oversee and manage the new business development efforts of the local VB Teams, identify additional sales expertise as needed and align appropriate national resources for sales

* Sell VBS services and other consulting services to current clients

* Sell VBS services to new clients of the firm

* Set appropriate financial management goals and consistently improve financial performance on assigned accounts

People

* Manage performance of VBS team:

* Hold regular meetings to monitor progress

* Identify and help resolve issues

* Motivate and provide developmental direction to team members

* Partner with colleagues from other practices and regions on assignments that achieve the client's broader business issues

* Work to develop local HGB consultant competencies regarding effective VBS delivery

Job Requirements The Requirements

* 10+ years experience and success in the design/management of large group voluntary benefit plans gained in a consulting or brokerage environment; prior experience in underwriting or in an actuarial function gained in a carrier environment preferred

* Proven ability to generate revenue

* Track record of success in managing large client relationships and leading global teams

* Experience in managing multiple people and projects and producing quality deliverables on time and within budget

* Proven ability to recognize and diagnose issues, work in teams, and leverage the resources of other related practices to address client challenges

* An executive presence with polished and well developed written and oral communication skills

* Superior ability to influence and collaborate with senior management and work across all levels of an organization

* Interest and aptitude in keeping abreast of latest developments in health and welfare plan strategy and contributing to the development of new tools and approaches

* Availability to travel 20-30% based on seasonal business development

* Bachelors degree required

Any unsolicited resumes/candidate profiles submitted through our web site or to personal e-mail accounts of employees of Willis Towers Watson are considered property of Willis Towers Watson and are not subject to payment of agency fees. In order to be an authorized Recruitment Agency/Search Firm for Willis Towers Watson, any such agency must have an existing formal written agreement signed by an authorized Willis Towers Watson recruiter and an active working relationship with the organization. Resumes must be submitted according to our candidate submission process, which includes being actively engaged on the particular search. Likewise, for our authorized Recruitment Agencies/Search Firms, if the candidate submission process is not followed, no agency fees will be paid by Willis Towers Watson.

Willis Towers Watson is an equal opportunity employer. All qualified applicants will receive consideration for employment without regard to, among other things, race, color, religion, sex, sexual orientation, gender identity, national origin, age, status as a protected veteran, or disability.

Equal Employment Opportunity: Know your rights.",205d79e87ea821fb1b422678ff656c81
179,Prudential Financial Inc,"Prudential is a multinational financial services leader with operations in the United States, Asia, Europe, and Latin America. Leveraging its heritage of life insurance and asset management expertise, Prudential is focused on helping individual and institutional customers grow and protect their wealth. The company's well-known Rock symbol is an icon of strength, stability, expertise and innovation that has stood the test of time. Prudential's businesses offer a variety of products and services, including life insurance, annuities, retirement-related services, mutual funds, asset management, and real estate services.

We recognize that our strength and success are directly linked to the quality and skills of our diverse associates. We are proud to be a place where talented people who want to make a difference can grow as professionals, leaders, and as individuals. Visit www.prudential.com to learn more about our values, our history and our brand.

Prudential is an equal opportunity employer. All qualified applicants will receive consideration for employment without regard to race, color, religion, sex, sexual orientation, gender identity, national origin, genetics, disability, age, veteran status, or any other characteristic protected by law.

Note that this posting is intended for individual applicants. Search firms or agencies should email Staffing at staffingagencies@prudential.com for more information about doing business with Prudential.Architecture",20639599cff1741d497b4df7885809a5
24312,NiSource Inc,"Minimum starting rate of $25.44

Responsibilities

THIS JOB POSTING IS INTENDED TO CREATE A CANDIDATE POOL FOR ALL OPEN POSITIONS IN THE SPRINGFIELD SERVICE TERRITORY. THESE POSITIONS MAY INCLUDE, BUT WILL NOT BE LIMITED TO THE FOLLOWING:

* Lead Distribution Equipment Operator

* Equipment Operator

* Plant Operations and Maintenance Assistant

* Service Technician

* Meter Reader/Collector

* Locate/Leakage Technician

VARIOUS SHIFTS AND SCHEDULES HAVE BEEN ESTABLISHED TO BEST SERVICE CUSTOMERS WITHIN OUR SERVICE TERRITORY- SCHEDULES AND SHIFT ASSIGNMENTS WILL BE BASED ON POSITION AND SENIORITY.

RESPONSIBILITIES FOR DISTRIBUTION POSITIONS:

* Serve as a member of a distribution crew responsible for the installation, maintenance and repair of underground gas mains, gas services and system lines necessary to provide customers with safe and efficient gas power while working in accordance with accepted practices and state regulations.

* Will perform work from work orders, schedules, blueprints, written and/or verbal instructions from the supervisor.

* Responsible for the proper operation and preventative maintenance of vehicles and equipment and ensuring appropriate parts and supplies are on hand to complete daily work.

* May perform leak investigation and repair of gas leaks, installation or repair of gas services, installation or repair of gas mains (including the fusing of plastic pipe), repair of contractor damages and investigation and general maintenance of underground facilities and working tools.

* Operation and maintenance of (including cleaning, greasing and lubricating) vehicles, back hoes, pneumatic equipment, tapping, cutting and related pipefitting tools, as well as other small hand tools

* Maintain necessary records

* Maintains work area and equipment in a safe, clean and orderly fashion

* Follows all prescribed safety rules and regulations

* Performs other related duties as assigned

SELECTION CRITERIA:

* Must be able to perform the above duties in a safe and professional manner.

* Must demonstrate mechanical aptitude and be knowledgeable and competent in all phases of equipment used in the installation of gas mains and services.

* Must possess or have the ability to obtain valid operators and commercial driver's license (CDL A) and certification to operate company trucks under the DOT/State Motor Carrier Safety Regulations for intrastate drivers within 6 months of being awarded the job.

* Must possess a Massachusetts Hoisting License (class 2A) within 6 months of being awarded the job.

* Must pass a DOT drug screen if not currently working in a covered position.

* Must be able to perform basic math calculations, prepare legible records and understand written and oral communications.

* Must have ability to work effectively in a team environment.

* Working knowledge of MDT (Mobile Data Terminal) required toallow access to daily work orders, blueprints, maps and schedules.

* Must be dependable in terms of adherence to deadlines and presence on the job.

* Requires skill in reading/interpreting gauges & dials.

* Must be able to be certified to wear self-contained breathing apparatus.

* Must be willing and able to accept shift, on-call, emergency assignments and work overtime per the terms of the collective bargaining agreement.

* Will be required to work outdoors in inclement weather conditions as determined by supervisor

* Must have a diploma from an accredited high school or GED.

PREFERRED:

* Experience with operating earth-moving equipment and knowledge of underground construction practices-

* Knowledge of OSHA regulations, pipeline safety regulations and underground construction practices.

* Possess current MA CDL (CDL A or CDL B)and MA Hoisting Engineer License

Responsibilities

RESPONSIBILITIES FOR SERVICE POSITION:

* Installs and removes gas meters, meter settings, and regulators; inspects and tests service and house lines for leaks.

* Uses test instruments as required to install, service, and adjust all gas appliances.

* Investigates gas service inquiries, such as no gas, leaks, gas odor, and high bills.

* Advises plumbers, contractors, and prospective customers on service and house line installations.

* Will turn gas on /off for customers.

* Collects delinquent bills; reads meters; locates, cleans and repairs curb boxes.

* Uses pressure gauges to test for line leaks and gas detection instruments to locate leaks.

* Successful candidate must have the ability to understand and apply mechanical principles and demonstrated skills in the use of hand tools;

* Experience reading/interpreting gauges and dials is preferred.

* Experience in the plumbing trade with natural gas experience and current OQ plumbing qualifications preferred.

* Must have strong interpersonal skills and demonstrated success in providing extraordinary customer service, particularly in situations where tact and diplomacy are needed.

* Must be detail-oriented and able to follow through on assignments with little or no direct supervision;

* Must be able to work effectively under changing priorities and conditions; be able to prepare legible, complete, and accurate orders; be able to understand oral and written communications; have a valid driver's license and a safe driving record and must have a high school diploma or equivalent

SELECTION CRITERIA:

* Must have the ability to understand and apply mechanical principles and demonstrated skills in the use of hand tools. Must have strong interpersonal skills and demonstrated success in providing extraordinary customer service, particularly in situations where tact and diplomacy are needed.

* Must be detail-oriented and able to follow through on assignments with little or no direct supervision.

* Must have the ability and aptitude to perform the duties above independently and in a safe, professional manner

* Must be able to prepare legible, complete, and accurate orders and maintain/keep records satisfactorily.

* Must be able to understand oral and written communications.

* Must have a valid driver's license and a demonstrated safe driving record.

* Must be regular in attendance and have a good safety record.

* Must be willing and able to accept shift and emergency assignments, work overtime, be on-call and work in all types of weather conditions.

* Must have a diploma from an accredited high school or GED.

* Experience using company mainframe programs, i.e. DIS or WMS, is preferred.

PREFERRED:

* Experience reading/interpreting gauges and dials.

* Knowledge of OSHA regulations, pipeline safety regulations and underground construction practices.

Education Level

Diploma from an accredited high school or a GED

Other Information

NOTE ABOUT ALL POSITIONS:

* All positions are subject to an Operations Job Fit Analysis and Operations Aptitude Assessment and Physical Capacity Assessment.

* Successful completion of any of the required assessments does not guarantee employment but rather permits the applicant to continue the interview process.

* All candidates selected must successfully complete a Physical Capacity Assessment, Background Check, DOT Drug and Alcohol Screening, and DOT Physical. Successful candidates must also possess a safe Motor Vehicle history as determined by Columbia Gas.

* All positions are subject to applicable DOT Anti-Drug and Alcohol Misuse Prevention Plan (AMPP) regulations.

* Successful candidate must be able to respond to emergency calls during nonworking hours and work scheduled and nonscheduled overtime.

* Successful candidate may be required to work non-traditional schedules and/or alternative shifts.

* Successful candidates must live within a designated response time of their assigned reporting location.

* All correspondence for this position will be sent via email from either HR deliveryteam@nisource.comor from another user @nisource.com. Please be sure to check your email frequently throughout the hiring process, as well as your spam/junk mail, in case any correspondence should be filtered out of your inbox.

* After each Assessment, your qualifications will be reviewed in relation to the requirements for the position. Should there be a match, you will be contacted with the next steps in the process. We will be evaluating many candidates during this time period and sincerely appreciate your patience during the process.

For more information regarding the hiring process for this position, please copy and paste the below link into your browser:

https://careers.nisource.com/opportunities/skilled-trades/gas-distribution.

Other Information

Safety

Promote a safe work environment by actively participating in all aspects of our employee safety program. Report any unsafe conditions and take actions to prevent personal injuries. Support our interdependent safety culture by ensuring the safety of your co-workers. Stay focused on the task at hand and promote productivity through good workhabits.

Inclusion & Diversity

Value inclusion within your day to day responsibilities by respecting others' perspectives/convictions, engaging others' opinions, creating a safe environment where people, ideas, and opinions are valued within your Team/Customers and external partners.

Respect and take into consideration diversity within your Team/Customers and external work partners by valuing different world views, challenges, and cultures that represent all walks of life and all backgrounds.

Treat others with respect and consideration. Actively participate in creating and contributing to a positive work environment.

How To Apply

For consideration to be placed in the Candidate Pool, please apply on-line at www.nisource.jobson or before April 30, 2017!

NOTICE: You will receive an email immediately after the posting period closes for timed sensitive instructions on how to complete the Operations Job Fit Analysis.

Equal Employment Opportunity

NiSource is committed to providing equal employment opportunities in each of its companies to all employees and applicants for employment without regard to race, color, religion, national origin or ancestry, veteran status, disability, gender, age, marital status, sexual orientation, gender identity, genetic information, or any protected group status as defined by law. Each employee is expected to abide by this principle.

_______________________________________________________________________________

By applying, you may be considered for other job opportunities.

_______________________________________________________________________________",20c11c4d1e31a4b9a704a0ae82081618
